{"type": "FeatureCollection", "name": "H41-A candidate transfer corridors EPSG:32611", "crs": {"type": "name", "properties": {"name": "urn:ogc:def:crs:EPSG::32611"}}, "features": [{"type": "Feature", "geometry": {"type": "LineString", "coordinates": [[365538.3758307969, 4300476.352981578], [368166.84904688504, 4299772.440440459]]}, "properties": {"nw_index": 1, "normal_index": 0, "tip_x": 365538.3758307969, "tip_y": 4300476.352981578, "receiver_x": 368166.84904688504, "receiver_y": 4299772.440440459, "gap_m": 2721.0961602333277, "outward_cosine": 0.7734054991512951}}, {"type": "Feature", "geometry": {"type": "LineString", "coordinates": [[367969.2124498998, 4294338.069101047], [367515.7661301887, 4294933.838307973]]}, "properties": {"nw_index": 2, "normal_index": 1, "tip_x": 367969.2124498998, "tip_y": 4294338.069101047, "receiver_x": 367515.7661301887, "receiver_y": 4294933.838307973, "gap_m": 748.7018851192038, "outward_cosine": 0.9823535387335974}}, {"type": "Feature", "geometry": {"type": "LineString", "coordinates": [[397142.72505331197, 4272946.416376709], [398290.8049346956, 4271676.356954702]]}, "properties": {"nw_index": 14, "normal_index": 18, "tip_x": 397142.72505331197, "tip_y": 4272946.416376709, "receiver_x": 398290.8049346956, "receiver_y": 4271676.356954702, "gap_m": 1712.0567600013076, "outward_cosine": 0.9975645824501863}}, {"type": "Feature", "geometry": {"type": "LineString", "coordinates": [[397894.2970611705, 4271957.022586759], [398290.8049346956, 4271676.356954702]]}, "properties": {"nw_index": 15, "normal_index": 18, "tip_x": 397894.2970611705, "tip_y": 4271957.022586759, "receiver_x": 398290.8049346956, "receiver_y": 4271676.356954702, "gap_m": 485.7897598605216, "outward_cosine": 0.9705639872459997}}, {"type": "Feature", "geometry": {"type": "LineString", "coordinates": [[398378.6969034711, 4270956.358370574], [398502.27294541406, 4271056.4042875925]]}, "properties": {"nw_index": 16, "normal_index": 18, "tip_x": 398378.6969034711, "tip_y": 4270956.358370574, "receiver_x": 398502.27294541406, "receiver_y": 4271056.4042875925, "gap_m": 158.9975586426741, "outward_cosine": 0.3096395574344076}}, {"type": "Feature", "geometry": {"type": "LineString", "coordinates": [[399003.4349975845, 4269002.194995228], [398502.27294541406, 4271056.4042875925]]}, "properties": {"nw_index": 17, "normal_index": 18, "tip_x": 399003.4349975845, "tip_y": 4269002.194995228, "receiver_x": 398502.27294541406, "receiver_y": 4271056.4042875925, "gap_m": 2114.459557279719, "outward_cosine": 0.9920407741323815}}, {"type": "Feature", "geometry": {"type": "LineString", "coordinates": [[404350.6376642327, 4258341.508291527], [406029.44068959, 4255255.366264816]]}, "properties": {"nw_index": 19, "normal_index": 24, "tip_x": 404350.6376642327, "tip_y": 4258341.508291527, "receiver_x": 406029.44068959, "receiver_y": 4255255.366264816, "gap_m": 3513.211096273117, "outward_cosine": 0.9707472613346213}}, {"type": "Feature", "geometry": {"type": "LineString", "coordinates": [[407721.4984320501, 4246862.515474669], [407665.20091653924, 4247012.175992196]]}, "properties": {"nw_index": 20, "normal_index": 17, "tip_x": 407721.4984320501, "tip_y": 4246862.515474669, "receiver_x": 407665.20091653924, "receiver_y": 4247012.175992196, "gap_m": 159.89897047624308, "outward_cosine": 0.9994941883283479}}, {"type": "Feature", "geometry": {"type": "LineString", "coordinates": [[408976.0261381343, 4243538.610696287], [410416.27811722737, 4241528.60942723]]}, "properties": {"nw_index": 22, "normal_index": 22, "tip_x": 408976.0261381343, "tip_y": 4243538.610696287, "receiver_x": 410416.27811722737, "receiver_y": 4241528.60942723, "gap_m": 2472.737524463542, "outward_cosine": 0.9833881010272975}}, {"type": "Feature", "geometry": {"type": "LineString", "coordinates": [[382933.51670319814, 4295312.587153127], [385065.72448469297, 4292489.011533451]]}, "properties": {"nw_index": 26, "normal_index": 28, "tip_x": 382933.51670319814, "tip_y": 4295312.587153127, "receiver_x": 385065.72448469297, "receiver_y": 4292489.011533451, "gap_m": 3538.2042484142503, "outward_cosine": 0.9997075977068447}}, {"type": "Feature", "geometry": {"type": "LineString", "coordinates": [[385015.20634318865, 4292754.348198185], [385065.72448469297, 4292489.011533451]]}, "properties": {"nw_index": 27, "normal_index": 28, "tip_x": 385015.20634318865, "tip_y": 4292754.348198185, "receiver_x": 385065.72448469297, "receiver_y": 4292489.011533451, "gap_m": 270.1029956756051, "outward_cosine": 0.9877989163046139}}, {"type": "Feature", "geometry": {"type": "LineString", "coordinates": [[395901.51312940655, 4274534.058897885], [398290.8049346956, 4271676.356954702]]}, "properties": {"nw_index": 28, "normal_index": 18, "tip_x": 395901.51312940655, "tip_y": 4274534.058897885, "receiver_x": 398290.8049346956, "receiver_y": 4271676.356954702, "gap_m": 3724.939694396377, "outward_cosine": 0.9739980076861336}}, {"type": "Feature", "geometry": {"type": "LineString", "coordinates": [[414150.96258420084, 4234266.560842613], [414462.96938936453, 4234223.0612387275]]}, "properties": {"nw_index": 29, "normal_index": 27, "tip_x": 414150.96258420084, "tip_y": 4234266.560842613, "receiver_x": 414462.96938936453, "receiver_y": 4234223.0612387275, "gap_m": 315.0245419116191, "outward_cosine": 0.7714745700564664}}, {"type": "Feature", "geometry": {"type": "LineString", "coordinates": [[377454.5697491489, 4301471.509339887], [372826.31197549164, 4302011.425258105]]}, "properties": {"nw_index": 32, "normal_index": 25, "tip_x": 377454.5697491489, "tip_y": 4301471.509339887, "receiver_x": 372826.31197549164, "receiver_y": 4302011.425258105, "gap_m": 4659.643679313271, "outward_cosine": 0.6054185743127892}}, {"type": "Feature", "geometry": {"type": "LineString", "coordinates": [[397229.92702686315, 4273368.649171007], [398290.8049346956, 4271676.356954702]]}, "properties": {"nw_index": 35, "normal_index": 18, "tip_x": 397229.92702686315, "tip_y": 4273368.649171007, "receiver_x": 398290.8049346956, "receiver_y": 4271676.356954702, "gap_m": 1997.3269338524383, "outward_cosine": 0.9785807202466049}}, {"type": "Feature", "geometry": {"type": "LineString", "coordinates": [[403676.0471529661, 4276521.703543559], [402837.5114019681, 4278078.004160327]]}, "properties": {"nw_index": 39, "normal_index": 36, "tip_x": 403676.0471529661, "tip_y": 4276521.703543559, "receiver_x": 402837.5114019681, "receiver_y": 4278078.004160327, "gap_m": 1767.8274280751616, "outward_cosine": 0.966239660579932}}, {"type": "Feature", "geometry": {"type": "LineString", "coordinates": [[407116.7008867918, 4272989.873282062], [407812.7172123658, 4270249.873607241]]}, "properties": {"nw_index": 40, "normal_index": 40, "tip_x": 407116.7008867918, "tip_y": 4272989.873282062, "receiver_x": 407812.7172123658, "receiver_y": 4270249.873607241, "gap_m": 2827.019091461223, "outward_cosine": 0.9979493463473658}}, {"type": "Feature", "geometry": {"type": "LineString", "coordinates": [[413143.69877588906, 4250062.369853517], [409595.62483253266, 4253538.942075823]]}, "properties": {"nw_index": 42, "normal_index": 1447, "tip_x": 413143.69877588906, "tip_y": 4250062.369853517, "receiver_x": 409595.62483253266, "receiver_y": 4253538.942075823, "gap_m": 4967.432246587472, "outward_cosine": 0.9437600750140509}}, {"type": "Feature", "geometry": {"type": "LineString", "coordinates": [[405023.60672427673, 4282041.608176656], [402312.00621156767, 4281208.975510975]]}, "properties": {"nw_index": 46, "normal_index": 35, "tip_x": 405023.60672427673, "tip_y": 4282041.608176656, "receiver_x": 402312.00621156767, "receiver_y": 4281208.975510975, "gap_m": 2836.556802971276, "outward_cosine": 0.5559417421213337}}, {"type": "Feature", "geometry": {"type": "LineString", "coordinates": [[402924.91712884314, 4278931.343744685], [402855.1119443839, 4278926.419574856]]}, "properties": {"nw_index": 50, "normal_index": 36, "tip_x": 402924.91712884314, "tip_y": 4278931.343744685, "receiver_x": 402855.1119443839, "receiver_y": 4278926.419574856, "gap_m": 69.9786483571715, "outward_cosine": 0.44068651728323555}}, {"type": "Feature", "geometry": {"type": "LineString", "coordinates": [[402845.7981641114, 4277940.3432169035], [402837.5114019681, 4278078.004160327]]}, "properties": {"nw_index": 51, "normal_index": 36, "tip_x": 402845.7981641114, "tip_y": 4277940.3432169035, "receiver_x": 402837.5114019681, "receiver_y": 4278078.004160327, "gap_m": 137.91013657827963, "outward_cosine": 0.966057217512207}}, {"type": "Feature", "geometry": {"type": "LineString", "coordinates": [[411528.9241266933, 4264941.82678811], [408394.42544092, 4266126.839831618]]}, "properties": {"nw_index": 55, "normal_index": 1444, "tip_x": 411528.9241266933, "tip_y": 4264941.82678811, "receiver_x": 408394.42544092, "receiver_y": 4266126.839831618, "gap_m": 3351.0204303164737, "outward_cosine": 0.5292535089800109}}, {"type": "Feature", "geometry": {"type": "LineString", "coordinates": [[421763.3630208424, 4254781.757399505], [421516.94525660115, 4257241.584322163]]}, "properties": {"nw_index": 61, "normal_index": 663, "tip_x": 421763.3630208424, "tip_y": 4254781.757399505, "receiver_x": 421516.94525660115, "receiver_y": 4257241.584322163, "gap_m": 2472.1387914043735, "outward_cosine": 0.7143994030966182}}, {"type": "Feature", "geometry": {"type": "LineString", "coordinates": [[422750.2679222094, 4253875.194429998], [423744.69819152146, 4253253.575613723]]}, "properties": {"nw_index": 61, "normal_index": 38, "tip_x": 422750.2679222094, "tip_y": 4253875.194429998, "receiver_x": 423744.69819152146, "receiver_y": 4253253.575613723, "gap_m": 1172.732498599474, "outward_cosine": 0.9521367524404266}}, {"type": "Feature", "geometry": {"type": "LineString", "coordinates": [[417739.4816034593, 4258540.03294366], [416876.52617510624, 4258960.310967562]]}, "properties": {"nw_index": 63, "normal_index": 33, "tip_x": 417739.4816034593, "tip_y": 4258540.03294366, "receiver_x": 416876.52617510624, "receiver_y": 4258960.310967562, "gap_m": 959.857118897625, "outward_cosine": 0.8771298970499107}}, {"type": "Feature", "geometry": {"type": "LineString", "coordinates": [[395317.2496966099, 4294418.747429334], [395407.46974548855, 4294325.24945216]]}, "properties": {"nw_index": 64, "normal_index": 32, "tip_x": 395317.2496966099, "tip_y": 4294418.747429334, "receiver_x": 395407.46974548855, "receiver_y": 4294325.24945216, "gap_m": 129.92893809799128, "outward_cosine": 0.9777094970697202}}, {"type": "Feature", "geometry": {"type": "LineString", "coordinates": [[393313.6752097487, 4296829.630811116], [392269.5712496623, 4296588.879101173]]}, "properties": {"nw_index": 64, "normal_index": 34, "tip_x": 393313.6752097487, "tip_y": 4296829.630811116, "receiver_x": 392269.5712496623, "receiver_y": 4296588.879101173, "gap_m": 1071.5010337411502, "outward_cosine": 0.5024821538326729}}, {"type": "Feature", "geometry": {"type": "LineString", "coordinates": [[396234.2072499725, 4291962.8445763625], [395682.17708932684, 4293289.402650614]]}, "properties": {"nw_index": 65, "normal_index": 32, "tip_x": 396234.2072499725, "tip_y": 4291962.8445763625, "receiver_x": 395682.17708932684, "receiver_y": 4293289.402650614, "gap_m": 1436.834584294582, "outward_cosine": 0.994577176887179}}, {"type": "Feature", "geometry": {"type": "LineString", "coordinates": [[402268.38038699114, 4281333.136126812], [402312.00621156767, 4281208.975510975]]}, "properties": {"nw_index": 67, "normal_index": 35, "tip_x": 402268.38038699114, "tip_y": 4281333.136126812, "receiver_x": 402312.00621156767, "receiver_y": 4281208.975510975, "gap_m": 131.6019418353105, "outward_cosine": 0.9896936772078115}}, {"type": "Feature", "geometry": {"type": "LineString", "coordinates": [[422545.0956716089, 4250893.141459657], [424096.540847939, 4249373.049141052]]}, "properties": {"nw_index": 72, "normal_index": 41, "tip_x": 422545.0956716089, "tip_y": 4250893.141459657, "receiver_x": 424096.540847939, "receiver_y": 4249373.049141052, "gap_m": 2172.01813810078, "outward_cosine": 0.9940901154440995}}, {"type": "Feature", "geometry": {"type": "LineString", "coordinates": [[413566.3443496715, 4253000.437907474], [409927.91887282976, 4254363.286583911]]}, "properties": {"nw_index": 75, "normal_index": 1447, "tip_x": 413566.3443496715, "tip_y": 4253000.437907474, "receiver_x": 409927.91887282976, "receiver_y": 4254363.286583911, "gap_m": 3885.292326890735, "outward_cosine": 0.7940172502241684}}, {"type": "Feature", "geometry": {"type": "LineString", "coordinates": [[392371.6809708503, 4295176.685181614], [392684.445804524, 4295274.875384873]]}, "properties": {"nw_index": 76, "normal_index": 34, "tip_x": 392371.6809708503, "tip_y": 4295176.685181614, "receiver_x": 392684.445804524, "receiver_y": 4295274.875384873, "gap_m": 327.81573665543704, "outward_cosine": 0.5521317591070194}}, {"type": "Feature", "geometry": {"type": "LineString", "coordinates": [[390553.6112108869, 4296741.465671946], [390160.9902142673, 4296759.152953082]]}, "properties": {"nw_index": 76, "normal_index": 1442, "tip_x": 390553.6112108869, "tip_y": 4296741.465671946, "receiver_x": 390160.9902142673, "receiver_y": 4296759.152953082, "gap_m": 393.0191940612557, "outward_cosine": 0.715489526538694}}, {"type": "Feature", "geometry": {"type": "LineString", "coordinates": [[404147.29304134403, 4278707.860999964], [402873.23606024345, 4278669.491545419]]}, "properties": {"nw_index": 79, "normal_index": 36, "tip_x": 404147.29304134403, "tip_y": 4278707.860999964, "receiver_x": 402873.23606024345, "receiver_y": 4278669.491545419, "gap_m": 1274.6346167169686, "outward_cosine": 0.5101948665987442}}, {"type": "Feature", "geometry": {"type": "LineString", "coordinates": [[408588.45499555825, 4276008.038665457], [410541.3242540036, 4274768.778218016]]}, "properties": {"nw_index": 81, "normal_index": 1220, "tip_x": 408588.45499555825, "tip_y": 4276008.038665457, "receiver_x": 410541.3242540036, "receiver_y": 4274768.778218016, "gap_m": 2312.891004170255, "outward_cosine": 0.9777772792221322}}, {"type": "Feature", "geometry": {"type": "LineString", "coordinates": [[406541.151981937, 4277528.332834765], [402837.5114019681, 4278078.004160327]]}, "properties": {"nw_index": 81, "normal_index": 36, "tip_x": 406541.151981937, "tip_y": 4277528.332834765, "receiver_x": 402837.5114019681, "receiver_y": 4278078.004160327, "gap_m": 3744.2078083003325, "outward_cosine": 0.7544307663316482}}, {"type": "Feature", "geometry": {"type": "LineString", "coordinates": [[372014.3942825737, 4327412.7880664915], [372273.8541476746, 4327238.0502685215]]}, "properties": {"nw_index": 84, "normal_index": 43, "tip_x": 372014.3942825737, "tip_y": 4327412.7880664915, "receiver_x": 372273.8541476746, "receiver_y": 4327238.0502685215, "gap_m": 312.81419347200733, "outward_cosine": 0.920755251298093}}, {"type": "Feature", "geometry": {"type": "LineString", "coordinates": [[418225.9237926977, 4482583.972167866], [417422.88258327387, 4483943.715116536]]}, "properties": {"nw_index": 85, "normal_index": 60, "tip_x": 418225.9237926977, "tip_y": 4482583.972167866, "receiver_x": 417422.88258327387, "receiver_y": 4483943.715116536, "gap_m": 1579.1694242514175, "outward_cosine": 0.9221893241196502}}, {"type": "Feature", "geometry": {"type": "LineString", "coordinates": [[419980.7014686855, 4481043.870237532], [417422.88258327387, 4483943.715116536]]}, "properties": {"nw_index": 86, "normal_index": 60, "tip_x": 419980.7014686855, "tip_y": 4481043.870237532, "receiver_x": 417422.88258327387, "receiver_y": 4483943.715116536, "gap_m": 3866.7218380503236, "outward_cosine": 0.9974127357108474}}, {"type": "Feature", "geometry": {"type": "LineString", "coordinates": [[425354.3604775833, 4474938.217777171], [425125.5330102638, 4473608.255320181]]}, "properties": {"nw_index": 87, "normal_index": 61, "tip_x": 425354.3604775833, "tip_y": 4474938.217777171, "receiver_x": 425125.5330102638, "receiver_y": 4473608.255320181, "gap_m": 1349.504407848608, "outward_cosine": 0.9547740036927105}}, {"type": "Feature", "geometry": {"type": "LineString", "coordinates": [[427297.8442660512, 4470279.200830143], [426932.1630426025, 4471839.400588779]]}, "properties": {"nw_index": 88, "normal_index": 62, "tip_x": 427297.8442660512, "tip_y": 4470279.200830143, "receiver_x": 426932.1630426025, "receiver_y": 4471839.400588779, "gap_m": 1602.4812148759383, "outward_cosine": 0.8735407489128031}}, {"type": "Feature", "geometry": {"type": "LineString", "coordinates": [[430072.471955668, 4466500.19812822], [430271.2744469961, 4466400.220491685]]}, "properties": {"nw_index": 89, "normal_index": 63, "tip_x": 430072.471955668, "tip_y": 4466500.19812822, "receiver_x": 430271.2744469961, "receiver_y": 4466400.220491685, "gap_m": 222.52630937785037, "outward_cosine": 0.5635829569749697}}, {"type": "Feature", "geometry": {"type": "LineString", "coordinates": [[426077.8065874722, 4456638.759912335], [425959.2423222634, 4457253.9125155015]]}, "properties": {"nw_index": 90, "normal_index": 65, "tip_x": 426077.8065874722, "tip_y": 4456638.759912335, "receiver_x": 425959.2423222634, "receiver_y": 4457253.9125155015, "gap_m": 626.4744289806441, "outward_cosine": 0.9926011677951311}}, {"type": "Feature", "geometry": {"type": "LineString", "coordinates": [[426665.49569930864, 4455216.954221941], [426410.9675550637, 4454205.696917526]]}, "properties": {"nw_index": 90, "normal_index": 66, "tip_x": 426665.49569930864, "tip_y": 4455216.954221941, "receiver_x": 426410.9675550637, "receiver_y": 4454205.696917526, "gap_m": 1042.7971576216473, "outward_cosine": 0.8345143969680666}}, {"type": "Feature", "geometry": {"type": "LineString", "coordinates": [[461975.5497288949, 4462819.1696424065], [462034.4669117891, 4462679.200748311]]}, "properties": {"nw_index": 91, "normal_index": 119, "tip_x": 461975.5497288949, "tip_y": 4462819.1696424065, "receiver_x": 462034.4669117891, "receiver_y": 4462679.200748311, "gap_m": 151.86351027949294, "outward_cosine": 0.9999061141317325}}, {"type": "Feature", "geometry": {"type": "LineString", "coordinates": [[330346.40114035015, 4377774.409996025], [330445.9805159813, 4375612.271588473]]}, "properties": {"nw_index": 92, "normal_index": 143, "tip_x": 330346.40114035015, "tip_y": 4377774.409996025, "receiver_x": 330445.9805159813, "receiver_y": 4375612.271588473, "gap_m": 2164.4303050607227, "outward_cosine": 0.6087589577929753}}, {"type": "Feature", "geometry": {"type": "LineString", "coordinates": [[329423.8571457143, 4378097.9708755845], [328010.7264891834, 4377448.100384563]]}, "properties": {"nw_index": 94, "normal_index": 141, "tip_x": 329423.8571457143, "tip_y": 4378097.9708755845, "receiver_x": 328010.7264891834, "receiver_y": 4377448.100384563, "gap_m": 1555.400240300789, "outward_cosine": 0.5335804240987094}}, {"type": "Feature", "geometry": {"type": "LineString", "coordinates": [[309194.4507569161, 4367634.076704807], [310428.9324916634, 4365123.741175702]]}, "properties": {"nw_index": 96, "normal_index": 151, "tip_x": 309194.4507569161, "tip_y": 4367634.076704807, "receiver_x": 310428.9324916634, "receiver_y": 4365123.741175702, "gap_m": 2797.4505575810654, "outward_cosine": 0.9339130635422113}}, {"type": "Feature", "geometry": {"type": "LineString", "coordinates": [[309340.0309521296, 4362691.902116532], [310430.3161441128, 4363346.517239761]]}, "properties": {"nw_index": 98, "normal_index": 152, "tip_x": 309340.0309521296, "tip_y": 4362691.902116532, "receiver_x": 310430.3161441128, "receiver_y": 4363346.517239761, "gap_m": 1271.708598467791, "outward_cosine": 0.6254265787785481}}, {"type": "Feature", "geometry": {"type": "LineString", "coordinates": [[457853.9595789519, 4166642.7308949013], [457857.87666999805, 4166757.790333087]]}, "properties": {"nw_index": 101, "normal_index": 181, "tip_x": 457853.9595789519, "tip_y": 4166642.7308949013, "receiver_x": 457857.87666999805, "receiver_y": 4166757.790333087, "gap_m": 115.12609572937042, "outward_cosine": 0.9160215527288597}}, {"type": "Feature", "geometry": {"type": "LineString", "coordinates": [[459070.60008891794, 4164671.1047053714], [460060.4937932933, 4163946.872086469]]}, "properties": {"nw_index": 101, "normal_index": 686, "tip_x": 459070.60008891794, "tip_y": 4164671.1047053714, "receiver_x": 460060.4937932933, "receiver_y": 4163946.872086469, "gap_m": 1226.540840022923, "outward_cosine": 0.8217640488440866}}, {"type": "Feature", "geometry": {"type": "LineString", "coordinates": [[541376.506586868, 4466144.285663009], [541308.8514172423, 4466433.991553574]]}, "properties": {"nw_index": 102, "normal_index": 197, "tip_x": 541376.506586868, "tip_y": 4466144.285663009, "receiver_x": 541308.8514172423, "receiver_y": 4466433.991553574, "gap_m": 297.5007983270619, "outward_cosine": 0.9930837264152443}}, {"type": "Feature", "geometry": {"type": "LineString", "coordinates": [[397150.4150154014, 4393373.87067709], [397067.8719423938, 4393565.536272702]]}, "properties": {"nw_index": 104, "normal_index": 213, "tip_x": 397150.4150154014, "tip_y": 4393373.87067709, "receiver_x": 397067.8719423938, "receiver_y": 4393565.536272702, "gap_m": 208.68411401606903, "outward_cosine": 0.999183191537934}}, {"type": "Feature", "geometry": {"type": "LineString", "coordinates": [[397607.63533523993, 4392768.584854993], [397757.82605161495, 4392447.753220439]]}, "properties": {"nw_index": 104, "normal_index": 218, "tip_x": 397607.63533523993, "tip_y": 4392768.584854993, "receiver_x": 397757.82605161495, "receiver_y": 4392447.753220439, "gap_m": 354.2459442476135, "outward_cosine": 0.9152065447618747}}, {"type": "Feature", "geometry": {"type": "LineString", "coordinates": [[399541.2704427694, 4389989.802206996], [399418.49895029806, 4390215.017832324]]}, "properties": {"nw_index": 105, "normal_index": 224, "tip_x": 399541.2704427694, "tip_y": 4389989.802206996, "receiver_x": 399418.49895029806, "receiver_y": 4390215.017832324, "gap_m": 256.5051992758174, "outward_cosine": 0.9728237648893464}}, {"type": "Feature", "geometry": {"type": "LineString", "coordinates": [[398785.46232801944, 4388870.3978535095], [398845.18688551604, 4388901.006269669]]}, "properties": {"nw_index": 106, "normal_index": 218, "tip_x": 398785.46232801944, "tip_y": 4388870.3978535095, "receiver_x": 398845.18688551604, "receiver_y": 4388901.006269669, "gap_m": 67.11108632682901, "outward_cosine": 0.37803999200747257}}, {"type": "Feature", "geometry": {"type": "LineString", "coordinates": [[396552.5004140082, 4410422.108838274], [396461.5258095282, 4410308.196359341]]}, "properties": {"nw_index": 110, "normal_index": 295, "tip_x": 396552.5004140082, "tip_y": 4410422.108838274, "receiver_x": 396461.5258095282, "receiver_y": 4410308.196359341, "gap_m": 145.7821371670196, "outward_cosine": 0.632517810837505}}, {"type": "Feature", "geometry": {"type": "LineString", "coordinates": [[406144.3983490522, 4485743.256511593], [406253.0680800512, 4485955.35918216]]}, "properties": {"nw_index": 116, "normal_index": 319, "tip_x": 406144.3983490522, "tip_y": 4485743.256511593, "receiver_x": 406253.0680800512, "receiver_y": 4485955.35918216, "gap_m": 238.32048442612748, "outward_cosine": 0.5334166688774358}}, {"type": "Feature", "geometry": {"type": "LineString", "coordinates": [[405663.9907451392, 4467732.294812759], [405735.55645940045, 4467599.28771794]]}, "properties": {"nw_index": 117, "normal_index": 335, "tip_x": 405663.9907451392, "tip_y": 4467732.294812759, "receiver_x": 405735.55645940045, "receiver_y": 4467599.28771794, "gap_m": 151.0382028823876, "outward_cosine": 0.959049604917925}}, {"type": "Feature", "geometry": {"type": "LineString", "coordinates": [[280615.40608643333, 4463789.299678867], [280698.71287130937, 4464844.372085737]]}, "properties": {"nw_index": 118, "normal_index": 1759, "tip_x": 280615.40608643333, "tip_y": 4463789.299678867, "receiver_x": 280698.71287130937, "receiver_y": 4464844.372085737, "gap_m": 1058.3561801895892, "outward_cosine": 0.820214809687424}}, {"type": "Feature", "geometry": {"type": "LineString", "coordinates": [[285864.9186462683, 4454244.13124805], [286058.69596580445, 4453558.825007812]]}, "properties": {"nw_index": 119, "normal_index": 336, "tip_x": 285864.9186462683, "tip_y": 4454244.13124805, "receiver_x": 286058.69596580445, "receiver_y": 4453558.825007812, "gap_m": 712.1757454983251, "outward_cosine": 0.9986013373742517}}, {"type": "Feature", "geometry": {"type": "LineString", "coordinates": [[287057.38725037465, 4427347.395763816], [287032.62373650225, 4427463.811227278]]}, "properties": {"nw_index": 120, "normal_index": 342, "tip_x": 287057.38725037465, "tip_y": 4427347.395763816, "receiver_x": 287032.62373650225, "receiver_y": 4427463.811227278, "gap_m": 119.02013171003404, "outward_cosine": 0.9997732126908385}}, {"type": "Feature", "geometry": {"type": "LineString", "coordinates": [[455124.5386008253, 4501501.278448623], [455177.27354096936, 4500508.818787345]]}, "properties": {"nw_index": 121, "normal_index": 348, "tip_x": 455124.5386008253, "tip_y": 4501501.278448623, "receiver_x": 455177.27354096936, "receiver_y": 4500508.818787345, "gap_m": 993.8597251000392, "outward_cosine": 0.9963449613448114}}, {"type": "Feature", "geometry": {"type": "LineString", "coordinates": [[415245.85727197386, 4181596.403102554], [415171.5073127316, 4181556.1118900613]]}, "properties": {"nw_index": 126, "normal_index": 366, "tip_x": 415245.85727197386, "tip_y": 4181596.403102554, "receiver_x": 415171.5073127316, "receiver_y": 4181556.1118900613, "gap_m": 84.56534895247266, "outward_cosine": -0.24788635599229022}}, {"type": "Feature", "geometry": {"type": "LineString", "coordinates": [[479433.9833132015, 4453001.469269045], [480619.08126326854, 4450650.508161747]]}, "properties": {"nw_index": 127, "normal_index": 1104, "tip_x": 479433.9833132015, "tip_y": 4453001.469269045, "receiver_x": 480619.08126326854, "receiver_y": 4450650.508161747, "gap_m": 2632.769507435081, "outward_cosine": 0.9576958537192323}}, {"type": "Feature", "geometry": {"type": "LineString", "coordinates": [[480146.1203007899, 4451549.366211666], [480619.08126326854, 4450650.508161747]]}, "properties": {"nw_index": 128, "normal_index": 1104, "tip_x": 480146.1203007899, "tip_y": 4451549.366211666, "receiver_x": 480619.08126326854, "receiver_y": 4450650.508161747, "gap_m": 1015.6957546099803, "outward_cosine": 0.997475222467935}}, {"type": "Feature", "geometry": {"type": "LineString", "coordinates": [[467102.3766324335, 4452895.593090255], [462713.4316737865, 4454465.385490572]]}, "properties": {"nw_index": 129, "normal_index": 547, "tip_x": 467102.3766324335, "tip_y": 4452895.593090255, "receiver_x": 462713.4316737865, "receiver_y": 4454465.385490572, "gap_m": 4661.2322437448765, "outward_cosine": 0.9034845517651658}}, {"type": "Feature", "geometry": {"type": "LineString", "coordinates": [[474187.70028900396, 4448567.02032334], [478867.2706660647, 4447028.805419964]]}, "properties": {"nw_index": 132, "normal_index": 1106, "tip_x": 474187.70028900396, "tip_y": 4448567.02032334, "receiver_x": 478867.2706660647, "receiver_y": 4447028.805419964, "gap_m": 4925.899309043232, "outward_cosine": 0.9255901761933774}}, {"type": "Feature", "geometry": {"type": "LineString", "coordinates": [[475212.80049160746, 4447436.508881684], [478597.11031126935, 4446275.373304419]]}, "properties": {"nw_index": 133, "normal_index": 1106, "tip_x": 475212.80049160746, "tip_y": 4447436.508881684, "receiver_x": 478597.11031126935, "receiver_y": 4446275.373304419, "gap_m": 3577.9587454651933, "outward_cosine": 0.9644049695904969}}, {"type": "Feature", "geometry": {"type": "LineString", "coordinates": [[475727.9581026724, 4446223.463146639], [478500.8340432067, 4445990.268534415]]}, "properties": {"nw_index": 134, "normal_index": 1106, "tip_x": 475727.9581026724, "tip_y": 4446223.463146639, "receiver_x": 478500.8340432067, "receiver_y": 4445990.268534415, "gap_m": 2782.664318376193, "outward_cosine": 0.843634473662304}}, {"type": "Feature", "geometry": {"type": "LineString", "coordinates": [[477327.97489471064, 4445519.433183369], [478500.8340432067, 4445990.268534415]]}, "properties": {"nw_index": 135, "normal_index": 1106, "tip_x": 477327.97489471064, "tip_y": 4445519.433183369, "receiver_x": 478500.8340432067, "receiver_y": 4445990.268534415, "gap_m": 1263.837216577232, "outward_cosine": 0.6330154385922112}}, {"type": "Feature", "geometry": {"type": "LineString", "coordinates": [[276552.82801403885, 4464411.996208016], [276446.81482378615, 4464579.159768902]]}, "properties": {"nw_index": 136, "normal_index": 398, "tip_x": 276552.82801403885, "tip_y": 4464411.996208016, "receiver_x": 276446.81482378615, "receiver_y": 4464579.159768902, "gap_m": 197.94557988402408, "outward_cosine": 0.9999998458170454}}, {"type": "Feature", "geometry": {"type": "LineString", "coordinates": [[324738.1056299186, 4447052.8472435605], [324751.6207462024, 4446935.176763829]]}, "properties": {"nw_index": 139, "normal_index": 444, "tip_x": 324738.1056299186, "tip_y": 4447052.8472435605, "receiver_x": 324751.6207462024, "receiver_y": 4446935.176763829, "gap_m": 118.44408034358995, "outward_cosine": 0.9819644850847604}}, {"type": "Feature", "geometry": {"type": "LineString", "coordinates": [[324838.1554192932, 4443027.7600603895], [325105.48785564536, 4445364.884014013]]}, "properties": {"nw_index": 140, "normal_index": 444, "tip_x": 324838.1554192932, "tip_y": 4443027.7600603895, "receiver_x": 325105.48785564536, "receiver_y": 4445364.884014013, "gap_m": 2352.36370617463, "outward_cosine": 0.9004145792943303}}, {"type": "Feature", "geometry": {"type": "LineString", "coordinates": [[325525.76725993434, 4441416.791582269], [326282.5065321825, 4440565.213957433]]}, "properties": {"nw_index": 140, "normal_index": 445, "tip_x": 325525.76725993434, "tip_y": 4441416.791582269, "receiver_x": 326282.5065321825, "receiver_y": 4440565.213957433, "gap_m": 1139.2272720067883, "outward_cosine": 0.9442104590334786}}, {"type": "Feature", "geometry": {"type": "LineString", "coordinates": [[326288.8808078049, 4438711.954141145], [326324.2256509889, 4439032.295408223]]}, "properties": {"nw_index": 142, "normal_index": 445, "tip_x": 326288.8808078049, "tip_y": 4438711.954141145, "receiver_x": 326324.2256509889, "receiver_y": 4439032.295408223, "gap_m": 322.2852546005811, "outward_cosine": 0.9294301153919149}}, {"type": "Feature", "geometry": {"type": "LineString", "coordinates": [[324958.03452629247, 4437762.6154654], [325081.26778882375, 4437574.609187392]]}, "properties": {"nw_index": 144, "normal_index": 452, "tip_x": 324958.03452629247, "tip_y": 4437762.6154654, "receiver_x": 325081.26778882375, "receiver_y": 4437574.609187392, "gap_m": 224.79501232146947, "outward_cosine": 0.9764649956767885}}, {"type": "Feature", "geometry": {"type": "LineString", "coordinates": [[443648.11525793764, 4505922.476660229], [443348.27322897007, 4506075.547651792]]}, "properties": {"nw_index": 145, "normal_index": 470, "tip_x": 443648.11525793764, "tip_y": 4505922.476660229, "receiver_x": 443348.27322897007, "receiver_y": 4506075.547651792, "gap_m": 336.6540818011439, "outward_cosine": 0.9548654472319458}}, {"type": "Feature", "geometry": {"type": "LineString", "coordinates": [[446379.51285429846, 4496194.423735205], [446297.7736988513, 4496230.7013098]]}, "properties": {"nw_index": 146, "normal_index": 472, "tip_x": 446379.51285429846, "tip_y": 4496194.423735205, "receiver_x": 446297.7736988513, "receiver_y": 4496230.7013098, "gap_m": 89.42791483489282, "outward_cosine": 0.7571361932345568}}, {"type": "Feature", "geometry": {"type": "LineString", "coordinates": [[446641.9346201773, 4495620.422163444], [447200.9891712889, 4495531.823585081]]}, "properties": {"nw_index": 146, "normal_index": 473, "tip_x": 446641.9346201773, "tip_y": 4495620.422163444, "receiver_x": 447200.9891712889, "receiver_y": 4495531.823585081, "gap_m": 566.0315355229602, "outward_cosine": 0.5408231890985915}}, {"type": "Feature", "geometry": {"type": "LineString", "coordinates": [[446090.794598983, 4493486.340306233], [445816.02121698146, 4492278.978624296]]}, "properties": {"nw_index": 147, "normal_index": 476, "tip_x": 446090.794598983, "tip_y": 4493486.340306233, "receiver_x": 445816.02121698146, "receiver_y": 4492278.978624296, "gap_m": 1238.2336784567951, "outward_cosine": 0.5313343942447748}}, {"type": "Feature", "geometry": {"type": "LineString", "coordinates": [[444396.79694307956, 4490823.397684235], [444583.05296102597, 4490680.638226326]]}, "properties": {"nw_index": 149, "normal_index": 477, "tip_x": 444396.79694307956, "tip_y": 4490823.397684235, "receiver_x": 444583.05296102597, "receiver_y": 4490680.638226326, "gap_m": 234.6733198381669, "outward_cosine": 0.902455354788172}}, {"type": "Feature", "geometry": {"type": "LineString", "coordinates": [[447723.37304673553, 4491413.333143459], [447448.161186272, 4491399.602608694]]}, "properties": {"nw_index": 150, "normal_index": 475, "tip_x": 447723.37304673553, "tip_y": 4491413.333143459, "receiver_x": 447448.161186272, "receiver_y": 4491399.602608694, "gap_m": 275.5541611457502, "outward_cosine": 0.5581725588610593}}, {"type": "Feature", "geometry": {"type": "LineString", "coordinates": [[448477.22126417124, 4490128.875047072], [448354.0302642399, 4489869.727450477]]}, "properties": {"nw_index": 150, "normal_index": 478, "tip_x": 448477.22126417124, "tip_y": 4490128.875047072, "receiver_x": 448354.0302642399, "receiver_y": 4489869.727450477, "gap_m": 286.93814539895334, "outward_cosine": 0.7538179073404598}}, {"type": "Feature", "geometry": {"type": "LineString", "coordinates": [[393835.5851193966, 4271407.794367926], [398290.8049346956, 4271676.356954702]]}, "properties": {"nw_index": 160, "normal_index": 18, "tip_x": 393835.5851193966, "tip_y": 4271407.794367926, "receiver_x": 398290.8049346956, "receiver_y": 4271676.356954702, "gap_m": 4463.307010014931, "outward_cosine": 0.8308820284220892}}, {"type": "Feature", "geometry": {"type": "LineString", "coordinates": [[393888.70314988494, 4270548.0414636005], [398290.8049346956, 4271676.356954702]]}, "properties": {"nw_index": 161, "normal_index": 18, "tip_x": 393888.70314988494, "tip_y": 4270548.0414636005, "receiver_x": 398290.8049346956, "receiver_y": 4271676.356954702, "gap_m": 4544.402707869676, "outward_cosine": 0.5722087097883148}}, {"type": "Feature", "geometry": {"type": "LineString", "coordinates": [[365777.34411720454, 4304767.594693131], [369512.99291828024, 4305325.917682329]]}, "properties": {"nw_index": 165, "normal_index": 484, "tip_x": 365777.34411720454, "tip_y": 4304767.594693131, "receiver_x": 369512.99291828024, "receiver_y": 4305325.917682329, "gap_m": 3777.1413165575023, "outward_cosine": 0.512643180398102}}, {"type": "Feature", "geometry": {"type": "LineString", "coordinates": [[368896.9204474699, 4302220.643128008], [368512.0915761414, 4301256.8689133525]]}, "properties": {"nw_index": 168, "normal_index": 0, "tip_x": 368896.9204474699, "tip_y": 4302220.643128008, "receiver_x": 368512.0915761414, "receiver_y": 4301256.8689133525, "gap_m": 1037.7639409047413, "outward_cosine": 0.6092861694852016}}, {"type": "Feature", "geometry": {"type": "LineString", "coordinates": [[378539.457046062, 4288959.198892291], [376366.66111521644, 4284687.222075881]]}, "properties": {"nw_index": 177, "normal_index": 1463, "tip_x": 378539.457046062, "tip_y": 4288959.198892291, "receiver_x": 376366.66111521644, "receiver_y": 4284687.222075881, "gap_m": 4792.789175108501, "outward_cosine": 0.5302291843528074}}, {"type": "Feature", "geometry": {"type": "LineString", "coordinates": [[456607.0503664195, 4214813.779996085], [456530.152278829, 4214945.851187568]]}, "properties": {"nw_index": 187, "normal_index": 607, "tip_x": 456607.0503664195, "tip_y": 4214813.779996085, "receiver_x": 456530.152278829, "receiver_y": 4214945.851187568, "gap_m": 152.82707709976407, "outward_cosine": 0.9993363754769483}}, {"type": "Feature", "geometry": {"type": "LineString", "coordinates": [[452356.5327694792, 4208498.648606593], [449283.84748805285, 4209653.5928431535]]}, "properties": {"nw_index": 189, "normal_index": 608, "tip_x": 452356.5327694792, "tip_y": 4208498.648606593, "receiver_x": 449283.84748805285, "receiver_y": 4209653.5928431535, "gap_m": 3282.57384201163, "outward_cosine": 0.7695201839790448}}, {"type": "Feature", "geometry": {"type": "LineString", "coordinates": [[402506.13043955143, 4363585.631021314], [402157.013015025, 4364658.753539093]]}, "properties": {"nw_index": 190, "normal_index": 620, "tip_x": 402506.13043955143, "tip_y": 4363585.631021314, "receiver_x": 402157.013015025, "receiver_y": 4364658.753539093, "gap_m": 1128.4834576861613, "outward_cosine": 0.9557882181936942}}, {"type": "Feature", "geometry": {"type": "LineString", "coordinates": [[404123.7952410114, 4359620.895886078], [403733.27582205686, 4360831.644315055]]}, "properties": {"nw_index": 191, "normal_index": 621, "tip_x": 404123.7952410114, "tip_y": 4359620.895886078, "receiver_x": 403733.27582205686, "receiver_y": 4360831.644315055, "gap_m": 1272.1702617382268, "outward_cosine": 0.9989178092317609}}, {"type": "Feature", "geometry": {"type": "LineString", "coordinates": [[404742.2560186039, 4358008.963442371], [404444.85643816856, 4357076.844233416]]}, "properties": {"nw_index": 191, "normal_index": 623, "tip_x": 404742.2560186039, "tip_y": 4358008.963442371, "receiver_x": 404444.85643816856, "receiver_y": 4357076.844233416, "gap_m": 978.4133738591313, "outward_cosine": 0.7937008089479681}}, {"type": "Feature", "geometry": {"type": "LineString", "coordinates": [[430344.55366433633, 4244978.543560278], [430098.18418091664, 4242081.398081164]]}, "properties": {"nw_index": 194, "normal_index": 656, "tip_x": 430344.55366433633, "tip_y": 4244978.543560278, "receiver_x": 430098.18418091664, "receiver_y": 4242081.398081164, "gap_m": 2907.6020789492477, "outward_cosine": 0.6834817383340022}}, {"type": "Feature", "geometry": {"type": "LineString", "coordinates": [[429839.4021873551, 4245539.118125474], [427979.93721774995, 4246957.53766153]]}, "properties": {"nw_index": 194, "normal_index": 674, "tip_x": 429839.4021873551, "tip_y": 4245539.118125474, "receiver_x": 427979.93721774995, "receiver_y": 4246957.53766153, "gap_m": 2338.7013390884244, "outward_cosine": 0.9828059965000846}}, {"type": "Feature", "geometry": {"type": "LineString", "coordinates": [[425479.1453925665, 4251238.003536038], [425827.2927785743, 4251203.038570697]]}, "properties": {"nw_index": 196, "normal_index": 654, "tip_x": 425479.1453925665, "tip_y": 4251238.003536038, "receiver_x": 425827.2927785743, "receiver_y": 4251203.038570697, "gap_m": 349.89877276909186, "outward_cosine": 0.5096910076008577}}, {"type": "Feature", "geometry": {"type": "LineString", "coordinates": [[422911.3676155087, 4258184.791541293], [422774.6610052397, 4258112.668273151]]}, "properties": {"nw_index": 198, "normal_index": 662, "tip_x": 422911.3676155087, "tip_y": 4258184.791541293, "receiver_x": 422774.6610052397, "receiver_y": 4258112.668273151, "gap_m": 154.56540071686382, "outward_cosine": 0.31568686163638193}}, {"type": "Feature", "geometry": {"type": "LineString", "coordinates": [[421640.6341720975, 4257019.7881716015], [421516.94525660115, 4257241.584322163]]}, "properties": {"nw_index": 199, "normal_index": 663, "tip_x": 421640.6341720975, "tip_y": 4257019.7881716015, "receiver_x": 421516.94525660115, "receiver_y": 4257241.584322163, "gap_m": 253.95369700109993, "outward_cosine": 0.9250199329799079}}, {"type": "Feature", "geometry": {"type": "LineString", "coordinates": [[423680.0435358522, 4256759.721847583], [422832.3898251987, 4258000.9656460155]]}, "properties": {"nw_index": 200, "normal_index": 662, "tip_x": 423680.0435358522, "tip_y": 4256759.721847583, "receiver_x": 422832.3898251987, "receiver_y": 4258000.9656460155, "gap_m": 1503.0645296635732, "outward_cosine": 0.9928311320085836}}, {"type": "Feature", "geometry": {"type": "LineString", "coordinates": [[425051.7110220253, 4252701.112593997], [424943.4925994923, 4253237.186003596]]}, "properties": {"nw_index": 202, "normal_index": 666, "tip_x": 425051.7110220253, "tip_y": 4252701.112593997, "receiver_x": 424943.4925994923, "receiver_y": 4253237.186003596, "gap_m": 546.8874906723527, "outward_cosine": 0.979783513806796}}, {"type": "Feature", "geometry": {"type": "LineString", "coordinates": [[425933.9081305022, 4252368.725568549], [425824.3939330216, 4252364.144237065]]}, "properties": {"nw_index": 203, "normal_index": 652, "tip_x": 425933.9081305022, "tip_y": 4252368.725568549, "receiver_x": 425824.3939330216, "receiver_y": 4252364.144237065, "gap_m": 109.60998151625304, "outward_cosine": 0.5505135112029645}}, {"type": "Feature", "geometry": {"type": "LineString", "coordinates": [[428391.3081022763, 4246136.896827416], [427979.93721774995, 4246957.53766153]]}, "properties": {"nw_index": 205, "normal_index": 674, "tip_x": 428391.3081022763, "tip_y": 4246136.896827416, "receiver_x": 427979.93721774995, "receiver_y": 4246957.53766153, "gap_m": 917.9746092633251, "outward_cosine": 0.9992879736871945}}, {"type": "Feature", "geometry": {"type": "LineString", "coordinates": [[304212.75595470116, 4440536.577113441], [304126.83514474175, 4440687.521010763]]}, "properties": {"nw_index": 206, "normal_index": 704, "tip_x": 304212.75595470116, "tip_y": 4440536.577113441, "receiver_x": 304126.83514474175, "receiver_y": 4440687.521010763, "gap_m": 173.68490355463075, "outward_cosine": 0.9780724401785674}}, {"type": "Feature", "geometry": {"type": "LineString", "coordinates": [[303670.0907809808, 4432660.235521306], [303545.118324546, 4433345.245263476]]}, "properties": {"nw_index": 207, "normal_index": 708, "tip_x": 303670.0907809808, "tip_y": 4432660.235521306, "receiver_x": 303545.118324546, "receiver_y": 4433345.245263476, "gap_m": 696.3163517645309, "outward_cosine": 0.990783112732336}}, {"type": "Feature", "geometry": {"type": "LineString", "coordinates": [[245350.13673662292, 4417665.957576211], [245391.98440837703, 4417491.189158226]]}, "properties": {"nw_index": 211, "normal_index": 745, "tip_x": 245350.13673662292, "tip_y": 4417665.957576211, "receiver_x": 245391.98440837703, "receiver_y": 4417491.189158226, "gap_m": 179.70872977113794, "outward_cosine": 0.9993000371801168}}, {"type": "Feature", "geometry": {"type": "LineString", "coordinates": [[452704.1505670625, 4489295.927684563], [452657.8971472343, 4488008.082666117]]}, "properties": {"nw_index": 214, "normal_index": 794, "tip_x": 452704.1505670625, "tip_y": 4489295.927684563, "receiver_x": 452657.8971472343, "receiver_y": 4488008.082666117, "gap_m": 1288.675354921917, "outward_cosine": 0.9698892144901752}}, {"type": "Feature", "geometry": {"type": "LineString", "coordinates": [[450455.95089028333, 4488597.798140034], [450106.97744806716, 4488644.4372805245]]}, "properties": {"nw_index": 215, "normal_index": 793, "tip_x": 450455.95089028333, "tip_y": 4488597.798140034, "receiver_x": 450106.97744806716, "receiver_y": 4488644.4372805245, "gap_m": 352.0762315151229, "outward_cosine": 0.5107623942616597}}, {"type": "Feature", "geometry": {"type": "LineString", "coordinates": [[451377.3247710734, 4487119.026614296], [452517.1961420649, 4487169.603568155]]}, "properties": {"nw_index": 216, "normal_index": 794, "tip_x": 451377.3247710734, "tip_y": 4487119.026614296, "receiver_x": 452517.1961420649, "receiver_y": 4487169.603568155, "gap_m": 1140.9928880880946, "outward_cosine": 0.6417726113907977}}, {"type": "Feature", "geometry": {"type": "LineString", "coordinates": [[453923.7189075912, 4484555.00018084], [453482.04945753096, 4484948.156268951]]}, "properties": {"nw_index": 219, "normal_index": 794, "tip_x": 453923.7189075912, "tip_y": 4484555.00018084, "receiver_x": 453482.04945753096, "receiver_y": 4484948.156268951, "gap_m": 591.3066993830229, "outward_cosine": 0.9096323272789859}}, {"type": "Feature", "geometry": {"type": "LineString", "coordinates": [[454277.6798885204, 4480586.894395813], [454007.50776867487, 4480827.38838249]]}, "properties": {"nw_index": 220, "normal_index": 798, "tip_x": 454277.6798885204, "tip_y": 4480586.894395813, "receiver_x": 454007.50776867487, "receiver_y": 4480827.38838249, "gap_m": 361.70475801315223, "outward_cosine": 0.966065483511271}}, {"type": "Feature", "geometry": {"type": "LineString", "coordinates": [[300266.12944988743, 4419675.705698318], [299340.8858531143, 4419986.008951207]]}, "properties": {"nw_index": 221, "normal_index": 800, "tip_x": 300266.12944988743, "tip_y": 4419675.705698318, "receiver_x": 299340.8858531143, "receiver_y": 4419986.008951207, "gap_m": 975.8912962636125, "outward_cosine": 0.6871336863985172}}, {"type": "Feature", "geometry": {"type": "LineString", "coordinates": [[291592.5867734094, 4412334.584842337], [294721.25057553354, 4411827.937935505]]}, "properties": {"nw_index": 222, "normal_index": 804, "tip_x": 291592.5867734094, "tip_y": 4412334.584842337, "receiver_x": 294721.25057553354, "receiver_y": 4411827.937935505, "gap_m": 3169.4208106410592, "outward_cosine": 0.8298277010997337}}, {"type": "Feature", "geometry": {"type": "LineString", "coordinates": [[295655.319482157, 4406841.279451122], [295350.1126344993, 4405695.595171]]}, "properties": {"nw_index": 228, "normal_index": 836, "tip_x": 295655.319482157, "tip_y": 4406841.279451122, "receiver_x": 295350.1126344993, "receiver_y": 4405695.595171, "gap_m": 1185.6406241248296, "outward_cosine": 0.607305455047849}}, {"type": "Feature", "geometry": {"type": "LineString", "coordinates": [[295844.92365053284, 4407086.652317641], [295350.1126344993, 4405695.595171]]}, "properties": {"nw_index": 229, "normal_index": 836, "tip_x": 295844.92365053284, "tip_y": 4407086.652317641, "receiver_x": 295350.1126344993, "receiver_y": 4405695.595171, "gap_m": 1476.4409662463006, "outward_cosine": 0.5339674209016178}}, {"type": "Feature", "geometry": {"type": "LineString", "coordinates": [[297064.845696269, 4405205.077708626], [295316.2925136525, 4405457.91991062]]}, "properties": {"nw_index": 233, "normal_index": 836, "tip_x": 297064.845696269, "tip_y": 4405205.077708626, "receiver_x": 295316.2925136525, "receiver_y": 4405457.91991062, "gap_m": 1766.7392030369112, "outward_cosine": 0.7267914267661486}}, {"type": "Feature", "geometry": {"type": "LineString", "coordinates": [[298662.37052528595, 4401858.768833824], [298697.3792700879, 4401696.788606479]]}, "properties": {"nw_index": 234, "normal_index": 810, "tip_x": 298662.37052528595, "tip_y": 4401858.768833824, "receiver_x": 298697.3792700879, "receiver_y": 4401696.788606479, "gap_m": 165.72026509616268, "outward_cosine": 0.9978099525785553}}, {"type": "Feature", "geometry": {"type": "LineString", "coordinates": [[299719.96692403685, 4400591.6751038125], [299458.90010035376, 4400717.587279537]]}, "properties": {"nw_index": 235, "normal_index": 812, "tip_x": 299719.96692403685, "tip_y": 4400591.6751038125, "receiver_x": 299458.90010035376, "receiver_y": 4400717.587279537, "gap_m": 289.8443762152441, "outward_cosine": 0.7694491066673456}}, {"type": "Feature", "geometry": {"type": "LineString", "coordinates": [[300578.9408596324, 4399626.96956554], [300397.8324424814, 4399690.074978018]]}, "properties": {"nw_index": 236, "normal_index": 814, "tip_x": 300578.9408596324, "tip_y": 4399626.96956554, "receiver_x": 300397.8324424814, "receiver_y": 4399690.074978018, "gap_m": 191.7877781481904, "outward_cosine": 0.5691642558377061}}, {"type": "Feature", "geometry": {"type": "LineString", "coordinates": [[300821.02697264886, 4398969.04908191], [300681.7562898323, 4398545.948343763]]}, "properties": {"nw_index": 236, "normal_index": 816, "tip_x": 300821.02697264886, "tip_y": 4398969.04908191, "receiver_x": 300681.7562898323, "receiver_y": 4398545.948343763, "gap_m": 445.43300025139695, "outward_cosine": 0.7750059939753065}}, {"type": "Feature", "geometry": {"type": "LineString", "coordinates": [[303219.79395002255, 4392010.964254511], [303320.9656927573, 4392587.986039192]]}, "properties": {"nw_index": 240, "normal_index": 821, "tip_x": 303219.79395002255, "tip_y": 4392010.964254511, "receiver_x": 303320.9656927573, "receiver_y": 4392587.986039192, "gap_m": 585.8240875257549, "outward_cosine": 0.8751844550625338}}, {"type": "Feature", "geometry": {"type": "LineString", "coordinates": [[303473.0602927465, 4391309.191715023], [303279.8494628001, 4390516.758094722]]}, "properties": {"nw_index": 240, "normal_index": 826, "tip_x": 303473.0602927465, "tip_y": 4391309.191715023, "receiver_x": 303279.8494628001, "receiver_y": 4390516.758094722, "gap_m": 815.6478819874338, "outward_cosine": 0.845272095587}}, {"type": "Feature", "geometry": {"type": "LineString", "coordinates": [[304091.7206633983, 4390391.416141269], [304362.85569724935, 4389974.369584301]]}, "properties": {"nw_index": 241, "normal_index": 828, "tip_x": 304091.7206633983, "tip_y": 4390391.416141269, "receiver_x": 304362.85569724935, "receiver_y": 4389974.369584301, "gap_m": 497.43546039711765, "outward_cosine": 0.978411220803592}}, {"type": "Feature", "geometry": {"type": "LineString", "coordinates": [[306742.40721387847, 4382325.234871597], [306555.9631952428, 4382282.1922912225]]}, "properties": {"nw_index": 242, "normal_index": 835, "tip_x": 306742.40721387847, "tip_y": 4382325.234871597, "receiver_x": 306555.9631952428, "receiver_y": 4382282.1922912225, "gap_m": 191.34794435873434, "outward_cosine": 0.06369058973213797}}, {"type": "Feature", "geometry": {"type": "LineString", "coordinates": [[296749.4312775374, 4404357.931751368], [297460.0813395867, 4403008.591010197]]}, "properties": {"nw_index": 244, "normal_index": 838, "tip_x": 296749.4312775374, "tip_y": 4404357.931751368, "receiver_x": 297460.0813395867, "receiver_y": 4403008.591010197, "gap_m": 1525.038998345085, "outward_cosine": 0.999084970568541}}, {"type": "Feature", "geometry": {"type": "LineString", "coordinates": [[297549.0406609076, 4403578.299163706], [297460.0813395867, 4403008.591010197]]}, "properties": {"nw_index": 245, "normal_index": 838, "tip_x": 297549.0406609076, "tip_y": 4403578.299163706, "receiver_x": 297460.0813395867, "receiver_y": 4403008.591010197, "gap_m": 576.6117766955967, "outward_cosine": 0.7904299933508644}}, {"type": "Feature", "geometry": {"type": "LineString", "coordinates": [[306336.89562532096, 4380694.015293696], [306129.0542345777, 4381169.963633474]]}, "properties": {"nw_index": 247, "normal_index": 833, "tip_x": 306336.89562532096, "tip_y": 4380694.015293696, "receiver_x": 306129.0542345777, "receiver_y": 4381169.963633474, "gap_m": 519.3504268252118, "outward_cosine": 0.9970693425662808}}, {"type": "Feature", "geometry": {"type": "LineString", "coordinates": [[306866.3114818024, 4379330.947115093], [306923.97786857723, 4379091.826539759]]}, "properties": {"nw_index": 247, "normal_index": 844, "tip_x": 306866.3114818024, "tip_y": 4379330.947115093, "receiver_x": 306923.97786857723, "receiver_y": 4379091.826539759, "gap_m": 245.97573398956357, "outward_cosine": 0.9707692643900147}}, {"type": "Feature", "geometry": {"type": "LineString", "coordinates": [[306977.88897541055, 4380646.200289357], [306712.20783482055, 4381589.621849151]]}, "properties": {"nw_index": 248, "normal_index": 835, "tip_x": 306977.88897541055, "tip_y": 4380646.200289357, "receiver_x": 306712.20783482055, "receiver_y": 4381589.621849151, "gap_m": 980.1177010691662, "outward_cosine": 0.978461328076568}}, {"type": "Feature", "geometry": {"type": "LineString", "coordinates": [[306829.1889708313, 4377450.30346128], [306944.2731806631, 4378406.231548744]]}, "properties": {"nw_index": 252, "normal_index": 844, "tip_x": 306829.1889708313, "tip_y": 4377450.30346128, "receiver_x": 306944.2731806631, "receiver_y": 4378406.231548744, "gap_m": 962.83066203576, "outward_cosine": 0.6196214451385531}}, {"type": "Feature", "geometry": {"type": "LineString", "coordinates": [[307342.45138372877, 4376871.8749754], [307537.61860011384, 4376327.675988674]]}, "properties": {"nw_index": 252, "normal_index": 850, "tip_x": 307342.45138372877, "tip_y": 4376871.8749754, "receiver_x": 307537.61860011384, "receiver_y": 4376327.675988674, "gap_m": 578.1373361970102, "outward_cosine": 0.9343762626310257}}, {"type": "Feature", "geometry": {"type": "LineString", "coordinates": [[304024.1913487372, 4375062.625016886], [304368.11735583225, 4374747.567006153]]}, "properties": {"nw_index": 254, "normal_index": 851, "tip_x": 304024.1913487372, "tip_y": 4375062.625016886, "receiver_x": 304368.11735583225, "receiver_y": 4374747.567006153, "gap_m": 466.41896239669387, "outward_cosine": 0.9787544679632199}}, {"type": "Feature", "geometry": {"type": "LineString", "coordinates": [[361390.6254544121, 4404406.061848839], [363044.71610576916, 4402744.865213486]]}, "properties": {"nw_index": 262, "normal_index": 889, "tip_x": 361390.6254544121, "tip_y": 4404406.061848839, "receiver_x": 363044.71610576916, "receiver_y": 4402744.865213486, "gap_m": 2344.2675069652746, "outward_cosine": 0.9999981496638095}}, {"type": "Feature", "geometry": {"type": "LineString", "coordinates": [[357037.9608572022, 4402508.801806749], [357158.0612084721, 4404041.939737041]]}, "properties": {"nw_index": 267, "normal_index": 873, "tip_x": 357037.9608572022, "tip_y": 4402508.801806749, "receiver_x": 357158.0612084721, "receiver_y": 4404041.939737041, "gap_m": 1537.8348440825157, "outward_cosine": 0.7776507289025948}}, {"type": "Feature", "geometry": {"type": "LineString", "coordinates": [[357028.94888262625, 4401917.668486852], [357158.0612084721, 4404041.939737041]]}, "properties": {"nw_index": 268, "normal_index": 873, "tip_x": 357028.94888262625, "tip_y": 4401917.668486852, "receiver_x": 357158.0612084721, "receiver_y": 4404041.939737041, "gap_m": 2128.191329994112, "outward_cosine": 0.8242377893874854}}, {"type": "Feature", "geometry": {"type": "LineString", "coordinates": [[369020.3540954453, 4367521.896885773], [368736.45769987785, 4367576.819021755]]}, "properties": {"nw_index": 269, "normal_index": 908, "tip_x": 369020.3540954453, "tip_y": 4367521.896885773, "receiver_x": 368736.45769987785, "receiver_y": 4367576.819021755, "gap_m": 289.1601709035822, "outward_cosine": 0.5564512412116224}}, {"type": "Feature", "geometry": {"type": "LineString", "coordinates": [[367676.4159791868, 4357967.209451134], [366255.86876984045, 4358910.470724692]]}, "properties": {"nw_index": 270, "normal_index": 912, "tip_x": 367676.4159791868, "tip_y": 4357967.209451134, "receiver_x": 366255.86876984045, "receiver_y": 4358910.470724692, "gap_m": 1705.1968227083314, "outward_cosine": 0.9591398404165178}}, {"type": "Feature", "geometry": {"type": "LineString", "coordinates": [[370448.9194358596, 4354074.446404663], [372713.7158649411, 4350396.893273386]]}, "properties": {"nw_index": 271, "normal_index": 1411, "tip_x": 370448.9194358596, "tip_y": 4354074.446404663, "receiver_x": 372713.7158649411, "receiver_y": 4350396.893273386, "gap_m": 4318.992926429009, "outward_cosine": 0.9892692382663256}}, {"type": "Feature", "geometry": {"type": "LineString", "coordinates": [[375598.2404757558, 4351217.208446042], [372713.7158649411, 4350396.893273386]]}, "properties": {"nw_index": 272, "normal_index": 1411, "tip_x": 375598.2404757558, "tip_y": 4351217.208446042, "receiver_x": 372713.7158649411, "receiver_y": 4350396.893273386, "gap_m": 2998.8996670253096, "outward_cosine": 0.9259710393423948}}, {"type": "Feature", "geometry": {"type": "LineString", "coordinates": [[375975.39902546786, 4350559.510317531], [372713.7158649411, 4350396.893273386]]}, "properties": {"nw_index": 273, "normal_index": 1411, "tip_x": 375975.39902546786, "tip_y": 4350559.510317531, "receiver_x": 372713.7158649411, "receiver_y": 4350396.893273386, "gap_m": 3265.734426237108, "outward_cosine": 0.7729964962900026}}, {"type": "Feature", "geometry": {"type": "LineString", "coordinates": [[372320.72712334973, 4383415.346491929], [372653.8677962694, 4383193.79894072]]}, "properties": {"nw_index": 278, "normal_index": 916, "tip_x": 372320.72712334973, "tip_y": 4383415.346491929, "receiver_x": 372653.8677962694, "receiver_y": 4383193.79894072, "gap_m": 400.0825232375636, "outward_cosine": 0.9424473666301909}}, {"type": "Feature", "geometry": {"type": "LineString", "coordinates": [[370594.49841457687, 4383922.64497374], [370591.781084711, 4383923.708253196]]}, "properties": {"nw_index": 278, "normal_index": 918, "tip_x": 370594.49841457687, "tip_y": 4383922.64497374, "receiver_x": 370591.781084711, "receiver_y": 4383923.708253196, "gap_m": 2.9179521590223203, "outward_cosine": 0.9964790188664238}}, {"type": "Feature", "geometry": {"type": "LineString", "coordinates": [[372300.2877791075, 4383013.368115432], [372466.16178376216, 4382908.916193191]]}, "properties": {"nw_index": 279, "normal_index": 916, "tip_x": 372300.2877791075, "tip_y": 4383013.368115432, "receiver_x": 372466.16178376216, "receiver_y": 4382908.916193191, "gap_m": 196.02140056621212, "outward_cosine": 0.8427809227887804}}, {"type": "Feature", "geometry": {"type": "LineString", "coordinates": [[372697.85842798924, 4381845.557500649], [372065.1706301264, 4382230.822623321]]}, "properties": {"nw_index": 280, "normal_index": 916, "tip_x": 372697.85842798924, "tip_y": 4381845.557500649, "receiver_x": 372065.1706301264, "receiver_y": 4382230.822623321, "gap_m": 740.7584385693689, "outward_cosine": 0.9997701169190393}}, {"type": "Feature", "geometry": {"type": "LineString", "coordinates": [[277865.9403353458, 4403185.541470309], [277718.83233615546, 4404092.538262464]]}, "properties": {"nw_index": 281, "normal_index": 923, "tip_x": 277865.9403353458, "tip_y": 4403185.541470309, "receiver_x": 277718.83233615546, "receiver_y": 4404092.538262464, "gap_m": 918.8492500980898, "outward_cosine": 0.956033933433393}}, {"type": "Feature", "geometry": {"type": "LineString", "coordinates": [[279996.56945743505, 4399310.430730177], [278487.87087124493, 4396000.714982366]]}, "properties": {"nw_index": 282, "normal_index": 930, "tip_x": 279996.56945743505, "tip_y": 4399310.430730177, "receiver_x": 278487.87087124493, "receiver_y": 4396000.714982366, "gap_m": 3637.3602729561353, "outward_cosine": 0.6564036341957552}}, {"type": "Feature", "geometry": {"type": "LineString", "coordinates": [[279291.28171670844, 4400667.762450633], [277718.83233615546, 4404092.538262464]]}, "properties": {"nw_index": 282, "normal_index": 923, "tip_x": 279291.28171670844, "tip_y": 4400667.762450633, "receiver_x": 277718.83233615546, "receiver_y": 4404092.538262464, "gap_m": 3768.5124937708947, "outward_cosine": 0.997117994453369}}, {"type": "Feature", "geometry": {"type": "LineString", "coordinates": [[274070.5652185712, 4404042.724769063], [273221.37510411337, 4404930.686149566]]}, "properties": {"nw_index": 284, "normal_index": 929, "tip_x": 274070.5652185712, "tip_y": 4404042.724769063, "receiver_x": 273221.37510411337, "receiver_y": 4404930.686149566, "gap_m": 1228.657504660267, "outward_cosine": 0.9995554760812104}}, {"type": "Feature", "geometry": {"type": "LineString", "coordinates": [[278723.08405935596, 4399301.642601354], [278487.87087124493, 4396000.714982366]]}, "properties": {"nw_index": 286, "normal_index": 930, "tip_x": 278723.08405935596, "tip_y": 4399301.642601354, "receiver_x": 278487.87087124493, "receiver_y": 4396000.714982366, "gap_m": 3309.297265229917, "outward_cosine": 0.8346571497374332}}, {"type": "Feature", "geometry": {"type": "LineString", "coordinates": [[277055.2262241994, 4401090.033887087], [277718.83233615546, 4404092.538262464]]}, "properties": {"nw_index": 286, "normal_index": 923, "tip_x": 277055.2262241994, "tip_y": 4401090.033887087, "receiver_x": 277718.83233615546, "receiver_y": 4404092.538262464, "gap_m": 3074.964324342951, "outward_cosine": 0.5601222207948545}}, {"type": "Feature", "geometry": {"type": "LineString", "coordinates": [[278344.57624151616, 4397822.070126353], [278487.87087124493, 4396000.714982366]]}, "properties": {"nw_index": 287, "normal_index": 930, "tip_x": 278344.57624151616, "tip_y": 4397822.070126353, "receiver_x": 278487.87087124493, "receiver_y": 4396000.714982366, "gap_m": 1826.9832816519445, "outward_cosine": 0.9936015395914237}}, {"type": "Feature", "geometry": {"type": "LineString", "coordinates": [[277086.7508500053, 4400596.644108513], [277718.83233615546, 4404092.538262464]]}, "properties": {"nw_index": 287, "normal_index": 923, "tip_x": 277086.7508500053, "tip_y": 4400596.644108513, "receiver_x": 277718.83233615546, "receiver_y": 4404092.538262464, "gap_m": 3552.5769436791543, "outward_cosine": 0.8894825664367282}}, {"type": "Feature", "geometry": {"type": "LineString", "coordinates": [[278996.3687456844, 4397035.382512256], [278487.87087124493, 4396000.714982366]]}, "properties": {"nw_index": 288, "normal_index": 930, "tip_x": 278996.3687456844, "tip_y": 4397035.382512256, "receiver_x": 278487.87087124493, "receiver_y": 4396000.714982366, "gap_m": 1152.869023660904, "outward_cosine": 0.8740771597428997}}, {"type": "Feature", "geometry": {"type": "LineString", "coordinates": [[354427.2437004451, 4375461.8639751095], [350932.11972703657, 4378430.088932146]]}, "properties": {"nw_index": 290, "normal_index": 951, "tip_x": 354427.2437004451, "tip_y": 4375461.8639751095, "receiver_x": 350932.11972703657, "receiver_y": 4378430.088932146, "gap_m": 4585.43901770279, "outward_cosine": 0.9590548584830094}}, {"type": "Feature", "geometry": {"type": "LineString", "coordinates": [[354270.3676435468, 4375250.099685529], [350932.11972703657, 4378430.088932146]]}, "properties": {"nw_index": 291, "normal_index": 951, "tip_x": 354270.3676435468, "tip_y": 4375250.099685529, "receiver_x": 350932.11972703657, "receiver_y": 4378430.088932146, "gap_m": 4610.447999997938, "outward_cosine": 0.9797355818003469}}, {"type": "Feature", "geometry": {"type": "LineString", "coordinates": [[345905.047264796, 4390859.929424523], [345483.18896879046, 4388370.9788572]]}, "properties": {"nw_index": 293, "normal_index": 947, "tip_x": 345905.047264796, "tip_y": 4390859.929424523, "receiver_x": 345483.18896879046, "receiver_y": 4388370.9788572, "gap_m": 2524.448325573277, "outward_cosine": 0.6051069911413953}}, {"type": "Feature", "geometry": {"type": "LineString", "coordinates": [[352104.08296528785, 4378253.4447763385], [350932.11972703657, 4378430.088932146]]}, "properties": {"nw_index": 294, "normal_index": 951, "tip_x": 352104.08296528785, "tip_y": 4378253.4447763385, "receiver_x": 350932.11972703657, "receiver_y": 4378430.088932146, "gap_m": 1185.2008224741799, "outward_cosine": 0.6920422013822507}}, {"type": "Feature", "geometry": {"type": "LineString", "coordinates": [[351111.94369772426, 4378095.445886477], [350932.11972703657, 4378430.088932146]]}, "properties": {"nw_index": 295, "normal_index": 951, "tip_x": 351111.94369772426, "tip_y": 4378095.445886477, "receiver_x": 350932.11972703657, "receiver_y": 4378430.088932146, "gap_m": 379.89818168661253, "outward_cosine": 0.9985771896369454}}, {"type": "Feature", "geometry": {"type": "LineString", "coordinates": [[304973.87497808214, 4479508.299504402], [304798.52857831714, 4480060.77848858]]}, "properties": {"nw_index": 296, "normal_index": 999, "tip_x": 304973.87497808214, "tip_y": 4479508.299504402, "receiver_x": 304798.52857831714, "receiver_y": 4480060.77848858, "gap_m": 579.6372899227146, "outward_cosine": 0.9978619350365786}}, {"type": "Feature", "geometry": {"type": "LineString", "coordinates": [[512002.4654969245, 4503973.723206948], [514863.9619828739, 4499965.599016606]]}, "properties": {"nw_index": 299, "normal_index": 1027, "tip_x": 512002.4654969245, "tip_y": 4503973.723206948, "receiver_x": 514863.9619828739, "receiver_y": 4499965.599016606, "gap_m": 4924.756000483996, "outward_cosine": 0.9748030572093275}}, {"type": "Feature", "geometry": {"type": "LineString", "coordinates": [[509927.8919626214, 4479835.173084948], [508089.9002361088, 4480273.7322500665]]}, "properties": {"nw_index": 300, "normal_index": 1053, "tip_x": 509927.8919626214, "tip_y": 4479835.173084948, "receiver_x": 508089.9002361088, "receiver_y": 4480273.7322500665, "gap_m": 1889.5893014192382, "outward_cosine": 0.6926390944420898}}, {"type": "Feature", "geometry": {"type": "LineString", "coordinates": [[267461.21312901395, 4458356.200347891], [267500.0128442986, 4458224.436588451]]}, "properties": {"nw_index": 305, "normal_index": 1125, "tip_x": 267461.21312901395, "tip_y": 4458356.200347891, "receiver_x": 267500.0128442986, "receiver_y": 4458224.436588451, "gap_m": 137.35758518510553, "outward_cosine": 0.9997738373092787}}, {"type": "Feature", "geometry": {"type": "LineString", "coordinates": [[299358.5085159914, 4354405.74756393], [299776.86241101497, 4354028.243642503]]}, "properties": {"nw_index": 322, "normal_index": 1165, "tip_x": 299358.5085159914, "tip_y": 4354405.74756393, "receiver_x": 299776.86241101497, "receiver_y": 4354028.243642503, "gap_m": 563.4972867494911, "outward_cosine": 0.9832378451659644}}, {"type": "Feature", "geometry": {"type": "LineString", "coordinates": [[314781.6116430284, 4458872.615663554], [312891.99810750794, 4458210.01044183]]}, "properties": {"nw_index": 327, "normal_index": 1175, "tip_x": 314781.6116430284, "tip_y": 4458872.615663554, "receiver_x": 312891.99810750794, "receiver_y": 4458210.01044183, "gap_m": 2002.419784529942, "outward_cosine": 0.6683591739849777}}, {"type": "Feature", "geometry": {"type": "LineString", "coordinates": [[271506.4954612536, 4388085.790561552], [271428.0003233461, 4387803.758406198]]}, "properties": {"nw_index": 331, "normal_index": 1195, "tip_x": 271506.4954612536, "tip_y": 4388085.790561552, "receiver_x": 271428.0003233461, "receiver_y": 4387803.758406198, "gap_m": 292.7518118287697, "outward_cosine": 0.8180374304575321}}, {"type": "Feature", "geometry": {"type": "LineString", "coordinates": [[271276.93511176127, 4388679.153415839], [271163.88496250205, 4388802.869019266]]}, "properties": {"nw_index": 331, "normal_index": 1194, "tip_x": 271276.93511176127, "tip_y": 4388679.153415839, "receiver_x": 271163.88496250205, "receiver_y": 4388802.869019266, "gap_m": 167.58844464593955, "outward_cosine": 0.949529045878673}}, {"type": "Feature", "geometry": {"type": "LineString", "coordinates": [[270635.998452057, 4385711.084437278], [270540.9136500306, 4386571.744612251]]}, "properties": {"nw_index": 332, "normal_index": 1197, "tip_x": 270635.998452057, "tip_y": 4385711.084437278, "receiver_x": 270540.9136500306, "receiver_y": 4386571.744612251, "gap_m": 865.8966776477928, "outward_cosine": 0.9827223171086978}}, {"type": "Feature", "geometry": {"type": "LineString", "coordinates": [[297711.8657762272, 4343965.703819811], [297631.9973889561, 4344190.2164439]]}, "properties": {"nw_index": 341, "normal_index": 1210, "tip_x": 297711.8657762272, "tip_y": 4343965.703819811, "receiver_x": 297631.9973889561, "receiver_y": 4344190.2164439, "gap_m": 238.29577768074952, "outward_cosine": 0.9997056758689195}}, {"type": "Feature", "geometry": {"type": "LineString", "coordinates": [[305263.1338214353, 4339335.772268101], [303438.5143632085, 4342469.080270412]]}, "properties": {"nw_index": 342, "normal_index": 1212, "tip_x": 305263.1338214353, "tip_y": 4339335.772268101, "receiver_x": 303438.5143632085, "receiver_y": 4342469.080270412, "gap_m": 3625.8592367452084, "outward_cosine": 0.9794196366308634}}, {"type": "Feature", "geometry": {"type": "LineString", "coordinates": [[305709.0599577392, 4338144.801192488], [309166.3328646908, 4337247.264230536]]}, "properties": {"nw_index": 342, "normal_index": 1546, "tip_x": 305709.0599577392, "tip_y": 4338144.801192488, "receiver_x": 309166.3328646908, "receiver_y": 4337247.264230536, "gap_m": 3571.8774546742734, "outward_cosine": 0.5974978073111414}}, {"type": "Feature", "geometry": {"type": "LineString", "coordinates": [[304994.23611984623, 4339105.651390116], [303438.5143632085, 4342469.080270412]]}, "properties": {"nw_index": 343, "normal_index": 1212, "tip_x": 304994.23611984623, "tip_y": 4339105.651390116, "receiver_x": 303438.5143632085, "receiver_y": 4342469.080270412, "gap_m": 3705.7960031401576, "outward_cosine": 0.999951372094963}}, {"type": "Feature", "geometry": {"type": "LineString", "coordinates": [[305453.18177692464, 4338118.509692215], [309166.3328646908, 4337247.264230536]]}, "properties": {"nw_index": 343, "normal_index": 1546, "tip_x": 305453.18177692464, "tip_y": 4338118.509692215, "receiver_x": 309166.3328646908, "receiver_y": 4337247.264230536, "gap_m": 3813.995235324162, "outward_cosine": 0.6058182638353922}}, {"type": "Feature", "geometry": {"type": "LineString", "coordinates": [[409002.221043417, 4285493.12267287], [409061.1466997046, 4285716.391048804]]}, "properties": {"nw_index": 346, "normal_index": 1218, "tip_x": 409002.221043417, "tip_y": 4285493.12267287, "receiver_x": 409061.1466997046, "receiver_y": 4285716.391048804, "gap_m": 230.91340511363464, "outward_cosine": 0.8262367007397662}}, {"type": "Feature", "geometry": {"type": "LineString", "coordinates": [[412881.01409837016, 4275802.6209305525], [412178.5265427638, 4276673.927789863]]}, "properties": {"nw_index": 351, "normal_index": 1227, "tip_x": 412881.01409837016, "tip_y": 4275802.6209305525, "receiver_x": 412178.5265427638, "receiver_y": 4276673.927789863, "gap_m": 1119.2249143329896, "outward_cosine": 0.9628325529912177}}, {"type": "Feature", "geometry": {"type": "LineString", "coordinates": [[414642.7281140821, 4271340.038405978], [414970.5627062974, 4271259.761380906]]}, "properties": {"nw_index": 351, "normal_index": 1222, "tip_x": 414642.7281140821, "tip_y": 4271340.038405978, "receiver_x": 414970.5627062974, "receiver_y": 4271259.761380906, "gap_m": 337.52025214397895, "outward_cosine": 0.6449067264458573}}, {"type": "Feature", "geometry": {"type": "LineString", "coordinates": [[415684.5357328047, 4275473.210154306], [415192.76907618827, 4273571.596376144]]}, "properties": {"nw_index": 354, "normal_index": 1221, "tip_x": 415684.5357328047, "tip_y": 4275473.210154306, "receiver_x": 415192.76907618827, "receiver_y": 4273571.596376144, "gap_m": 1964.1714298539578, "outward_cosine": 0.7674571363354142}}, {"type": "Feature", "geometry": {"type": "LineString", "coordinates": [[412856.6015658553, 4270878.809941342], [410820.81130067713, 4271355.883106821]]}, "properties": {"nw_index": 358, "normal_index": 1220, "tip_x": 412856.6015658553, "tip_y": 4270878.809941342, "receiver_x": 410820.81130067713, "receiver_y": 4271355.883106821, "gap_m": 2090.9425647335593, "outward_cosine": 0.6247408047167639}}, {"type": "Feature", "geometry": {"type": "LineString", "coordinates": [[346987.7860700091, 4456648.333987557], [345971.9063092422, 4456915.176232891]]}, "properties": {"nw_index": 359, "normal_index": 943, "tip_x": 346987.7860700091, "tip_y": 4456648.333987557, "receiver_x": 345971.9063092422, "receiver_y": 4456915.176232891, "gap_m": 1050.3411218412164, "outward_cosine": 0.6690310205458563}}, {"type": "Feature", "geometry": {"type": "LineString", "coordinates": [[348470.18028710724, 4453195.208061505], [348470.03517869336, 4453609.90763069]]}, "properties": {"nw_index": 361, "normal_index": 1230, "tip_x": 348470.18028710724, "tip_y": 4453195.208061505, "receiver_x": 348470.03517869336, "receiver_y": 4453609.90763069, "gap_m": 414.6995945728615, "outward_cosine": 0.9360439630597832}}, {"type": "Feature", "geometry": {"type": "LineString", "coordinates": [[357736.7550824707, 4449856.759184466], [357618.89005638147, 4450188.087070516]]}, "properties": {"nw_index": 363, "normal_index": 1232, "tip_x": 357736.7550824707, "tip_y": 4449856.759184466, "receiver_x": 357618.89005638147, "receiver_y": 4450188.087070516, "gap_m": 351.6679292311943, "outward_cosine": 0.9968717506522499}}, {"type": "Feature", "geometry": {"type": "LineString", "coordinates": [[358337.23823096335, 4448647.989542754], [358498.7645374258, 4448320.115741934]]}, "properties": {"nw_index": 363, "normal_index": 1235, "tip_x": 358337.23823096335, "tip_y": 4448647.989542754, "receiver_x": 358498.7645374258, "receiver_y": 4448320.115741934, "gap_m": 365.5023624328606, "outward_cosine": 0.9999712029041381}}, {"type": "Feature", "geometry": {"type": "LineString", "coordinates": [[350099.41198999074, 4443498.692591978], [349889.53407484136, 4444526.670740789]]}, "properties": {"nw_index": 364, "normal_index": 1234, "tip_x": 350099.41198999074, "tip_y": 4443498.692591978, "receiver_x": 349889.53407484136, "receiver_y": 4444526.670740789, "gap_m": 1049.1843563928348, "outward_cosine": 0.9998105166678497}}, {"type": "Feature", "geometry": {"type": "LineString", "coordinates": [[350593.4786600866, 4443061.046202017], [349889.53407484136, 4444526.670740789]]}, "properties": {"nw_index": 365, "normal_index": 1234, "tip_x": 350593.4786600866, "tip_y": 4443061.046202017, "receiver_x": 349889.53407484136, "receiver_y": 4444526.670740789, "gap_m": 1625.913056638066, "outward_cosine": 0.9230113905954962}}, {"type": "Feature", "geometry": {"type": "LineString", "coordinates": [[354939.4904255145, 4434664.680340642], [355254.16486841574, 4434264.737907542]]}, "properties": {"nw_index": 368, "normal_index": 1245, "tip_x": 354939.4904255145, "tip_y": 4434664.680340642, "receiver_x": 355254.16486841574, "receiver_y": 4434264.737907542, "gap_m": 508.8948366895608, "outward_cosine": 0.9949508707059564}}, {"type": "Feature", "geometry": {"type": "LineString", "coordinates": [[354321.32475060504, 4436990.937362439], [352886.2997667677, 4438814.201463865]]}, "properties": {"nw_index": 369, "normal_index": 1244, "tip_x": 354321.32475060504, "tip_y": 4436990.937362439, "receiver_x": 352886.2997667677, "receiver_y": 4438814.201463865, "gap_m": 2320.2561685698647, "outward_cosine": 0.9956422772845239}}, {"type": "Feature", "geometry": {"type": "LineString", "coordinates": [[355458.17765340756, 4435236.385742068], [355254.16486841574, 4434264.737907542]]}, "properties": {"nw_index": 369, "normal_index": 1245, "tip_x": 355458.17765340756, "tip_y": 4435236.385742068, "receiver_x": 355254.16486841574, "receiver_y": 4434264.737907542, "gap_m": 992.8346945891408, "outward_cosine": 0.6850648829457104}}, {"type": "Feature", "geometry": {"type": "LineString", "coordinates": [[305453.68041725137, 4406698.589846186], [305284.27149703493, 4406437.244147597]]}, "properties": {"nw_index": 370, "normal_index": 1257, "tip_x": 305453.68041725137, "tip_y": 4406698.589846186, "receiver_x": 305284.27149703493, "receiver_y": 4406437.244147597, "gap_m": 311.4497654841145, "outward_cosine": 0.6600929592900981}}, {"type": "Feature", "geometry": {"type": "LineString", "coordinates": [[305121.60480126034, 4403741.090229306], [305190.17423364276, 4404457.058449129]]}, "properties": {"nw_index": 372, "normal_index": 1259, "tip_x": 305121.60480126034, "tip_y": 4403741.090229306, "receiver_x": 305190.17423364276, "receiver_y": 4404457.058449129, "gap_m": 719.2442275421615, "outward_cosine": 0.7037711081535958}}, {"type": "Feature", "geometry": {"type": "LineString", "coordinates": [[306179.81611634244, 4399463.673711165], [308675.71544273023, 4398283.880596147]]}, "properties": {"nw_index": 374, "normal_index": 1263, "tip_x": 306179.81611634244, "tip_y": 4399463.673711165, "receiver_x": 308675.71544273023, "receiver_y": 4398283.880596147, "gap_m": 2760.692891595652, "outward_cosine": 0.8997311772817476}}, {"type": "Feature", "geometry": {"type": "LineString", "coordinates": [[304957.32627105917, 4401187.343946159], [305190.17423364276, 4404457.058449129]]}, "properties": {"nw_index": 374, "normal_index": 1259, "tip_x": 304957.32627105917, "tip_y": 4401187.343946159, "receiver_x": 305190.17423364276, "receiver_y": 4404457.058449129, "gap_m": 3277.994982395503, "outward_cosine": 0.8233533466793783}}, {"type": "Feature", "geometry": {"type": "LineString", "coordinates": [[305851.2015297165, 4399095.752439213], [308573.57643405686, 4398024.350781254]]}, "properties": {"nw_index": 375, "normal_index": 1263, "tip_x": 305851.2015297165, "tip_y": 4399095.752439213, "receiver_x": 308573.57643405686, "receiver_y": 4398024.350781254, "gap_m": 2925.6155988886285, "outward_cosine": 0.8647927661365487}}, {"type": "Feature", "geometry": {"type": "LineString", "coordinates": [[304563.1958821176, 4400791.028987248], [305190.17423364276, 4404457.058449129]]}, "properties": {"nw_index": 375, "normal_index": 1259, "tip_x": 304563.1958821176, "tip_y": 4400791.028987248, "receiver_x": 305190.17423364276, "receiver_y": 4404457.058449129, "gap_m": 3719.257166243674, "outward_cosine": 0.6864952452851342}}, {"type": "Feature", "geometry": {"type": "LineString", "coordinates": [[316421.2203748323, 4419988.173322631], [317109.2205880795, 4418497.208798604]]}, "properties": {"nw_index": 376, "normal_index": 1278, "tip_x": 316421.2203748323, "tip_y": 4419988.173322631, "receiver_x": 317109.2205880795, "receiver_y": 4418497.208798604, "gap_m": 1642.0473517335402, "outward_cosine": 0.8657559565116127}}, {"type": "Feature", "geometry": {"type": "LineString", "coordinates": [[330766.62984983606, 4487871.910539372], [330738.1685890707, 4487985.288750252]]}, "properties": {"nw_index": 377, "normal_index": 1285, "tip_x": 330766.62984983606, "tip_y": 4487871.910539372, "receiver_x": 330738.1685890707, "receiver_y": 4487985.288750252, "gap_m": 116.89594546721321, "outward_cosine": 0.991225465891997}}, {"type": "Feature", "geometry": {"type": "LineString", "coordinates": [[328944.36557836493, 4484850.169434807], [329051.8885420618, 4484657.474952926]]}, "properties": {"nw_index": 378, "normal_index": 1287, "tip_x": 328944.36557836493, "tip_y": 4484850.169434807, "receiver_x": 329051.8885420618, "receiver_y": 4484657.474952926, "gap_m": 220.66343392069317, "outward_cosine": 0.9673346710789515}}, {"type": "Feature", "geometry": {"type": "LineString", "coordinates": [[311067.720419542, 4482301.329093095], [311831.55202249816, 4482096.878683369]]}, "properties": {"nw_index": 379, "normal_index": 1297, "tip_x": 311067.720419542, "tip_y": 4482301.329093095, "receiver_x": 311831.55202249816, "receiver_y": 4482096.878683369, "gap_m": 790.7203599957553, "outward_cosine": 0.9701521265101204}}, {"type": "Feature", "geometry": {"type": "LineString", "coordinates": [[325632.8903642288, 4420488.501316011], [326118.7929651606, 4420352.615700221]]}, "properties": {"nw_index": 383, "normal_index": 1331, "tip_x": 325632.8903642288, "tip_y": 4420488.501316011, "receiver_x": 326118.7929651606, "receiver_y": 4420352.615700221, "gap_m": 504.54557591064565, "outward_cosine": 0.9993789271618738}}, {"type": "Feature", "geometry": {"type": "LineString", "coordinates": [[339162.7528354045, 4352309.1053465], [339120.3598954686, 4352551.849662603]]}, "properties": {"nw_index": 389, "normal_index": 1376, "tip_x": 339162.7528354045, "tip_y": 4352309.1053465, "receiver_x": 339120.3598954686, "receiver_y": 4352551.849662603, "gap_m": 246.41827115027752, "outward_cosine": 0.9948502860265033}}, {"type": "Feature", "geometry": {"type": "LineString", "coordinates": [[340122.9802039698, 4350701.022801855], [339120.3598954686, 4352551.849662603]]}, "properties": {"nw_index": 392, "normal_index": 1376, "tip_x": 340122.9802039698, "tip_y": 4350701.022801855, "receiver_x": 339120.3598954686, "receiver_y": 4352551.849662603, "gap_m": 2104.948348887989, "outward_cosine": 0.9275955786271061}}, {"type": "Feature", "geometry": {"type": "LineString", "coordinates": [[378331.33858387556, 4263361.365917766], [379215.3125037614, 4259846.007365792]]}, "properties": {"nw_index": 393, "normal_index": 1377, "tip_x": 378331.33858387556, "tip_y": 4263361.365917766, "receiver_x": 379215.3125037614, "receiver_y": 4259846.007365792, "gap_m": 3624.79732398535, "outward_cosine": 0.7324086183002623}}, {"type": "Feature", "geometry": {"type": "LineString", "coordinates": [[381062.5414392013, 4260247.794505284], [380813.5057115668, 4259121.04049543]]}, "properties": {"nw_index": 402, "normal_index": 1378, "tip_x": 381062.5414392013, "tip_y": 4260247.794505284, "receiver_x": 380813.5057115668, "receiver_y": 4259121.04049543, "gap_m": 1153.946875883211, "outward_cosine": 0.6886816222111906}}, {"type": "Feature", "geometry": {"type": "LineString", "coordinates": [[380220.44917859003, 4259128.133448099], [380813.5057115668, 4259121.04049543]]}, "properties": {"nw_index": 403, "normal_index": 1378, "tip_x": 380220.44917859003, "tip_y": 4259128.133448099, "receiver_x": 380813.5057115668, "receiver_y": 4259121.04049543, "gap_m": 593.0989472962777, "outward_cosine": 0.9314035851212114}}, {"type": "Feature", "geometry": {"type": "LineString", "coordinates": [[447990.9753530179, 4444124.859458167], [447708.9503841022, 4444315.188789641]]}, "properties": {"nw_index": 404, "normal_index": 1385, "tip_x": 447990.9753530179, "tip_y": 4444124.859458167, "receiver_x": 447708.9503841022, "receiver_y": 4444315.188789641, "gap_m": 340.24011743333693, "outward_cosine": 0.7087240436772692}}, {"type": "Feature", "geometry": {"type": "LineString", "coordinates": [[426253.10145431734, 4266458.71749627], [423539.7631175298, 4267402.349087329]]}, "properties": {"nw_index": 405, "normal_index": 660, "tip_x": 426253.10145431734, "tip_y": 4266458.71749627, "receiver_x": 423539.7631175298, "receiver_y": 4267402.349087329, "gap_m": 2872.7418104529056, "outward_cosine": 0.6494052672155196}}, {"type": "Feature", "geometry": {"type": "LineString", "coordinates": [[427303.0475254227, 4263450.662346088], [427519.7268267942, 4262621.08336375]]}, "properties": {"nw_index": 405, "normal_index": 1394, "tip_x": 427303.0475254227, "tip_y": 4263450.662346088, "receiver_x": 427519.7268267942, "receiver_y": 4262621.08336375, "gap_m": 857.4095914907351, "outward_cosine": 0.9043573372724659}}, {"type": "Feature", "geometry": {"type": "LineString", "coordinates": [[430197.37345630873, 4258929.247450471], [427271.2558283402, 4258903.980686871]]}, "properties": {"nw_index": 407, "normal_index": 641, "tip_x": 430197.37345630873, "tip_y": 4258929.247450471, "receiver_x": 427271.2558283402, "receiver_y": 4258903.980686871, "gap_m": 2926.226714055332, "outward_cosine": 0.9092917551014752}}, {"type": "Feature", "geometry": {"type": "LineString", "coordinates": [[427334.5571338501, 4261050.518577138], [427629.0719352354, 4261907.583902759]]}, "properties": {"nw_index": 408, "normal_index": 1394, "tip_x": 427334.5571338501, "tip_y": 4261050.518577138, "receiver_x": 427629.0719352354, "receiver_y": 4261907.583902759, "gap_m": 906.256001699373, "outward_cosine": 0.7039400437104573}}, {"type": "Feature", "geometry": {"type": "LineString", "coordinates": [[419993.1727236864, 4271394.00221251], [419914.86039725516, 4271402.368985662]]}, "properties": {"nw_index": 409, "normal_index": 1393, "tip_x": 419993.1727236864, "tip_y": 4271394.00221251, "receiver_x": 419914.86039725516, "receiver_y": 4271402.368985662, "gap_m": 78.75800507912146, "outward_cosine": 0.6614974577514091}}, {"type": "Feature", "geometry": {"type": "LineString", "coordinates": [[394822.80611469643, 4258794.177807037], [395279.91339519783, 4260154.851452674]]}, "properties": {"nw_index": 413, "normal_index": 1397, "tip_x": 394822.80611469643, "tip_y": 4258794.177807037, "receiver_x": 395279.91339519783, "receiver_y": 4260154.851452674, "gap_m": 1435.402325419066, "outward_cosine": 0.70624905518063}}, {"type": "Feature", "geometry": {"type": "LineString", "coordinates": [[395406.4359576573, 4258778.914592505], [395279.91339519783, 4260154.851452674]]}, "properties": {"nw_index": 414, "normal_index": 1397, "tip_x": 395406.4359576573, "tip_y": 4258778.914592505, "receiver_x": 395279.91339519783, "receiver_y": 4260154.851452674, "gap_m": 1381.7417276688336, "outward_cosine": 0.8257906002958906}}, {"type": "Feature", "geometry": {"type": "LineString", "coordinates": [[370386.92622012435, 4347644.836592491], [370610.8547740598, 4347172.337770067]]}, "properties": {"nw_index": 417, "normal_index": 1416, "tip_x": 370386.92622012435, "tip_y": 4347644.836592491, "receiver_x": 370610.8547740598, "receiver_y": 4347172.337770067, "gap_m": 522.8758308234661, "outward_cosine": 0.9986439922382819}}, {"type": "Feature", "geometry": {"type": "LineString", "coordinates": [[391259.60474601533, 4288480.304061677], [389824.08124176145, 4291383.4732796205]]}, "properties": {"nw_index": 418, "normal_index": 1443, "tip_x": 391259.60474601533, "tip_y": 4288480.304061677, "receiver_x": 389824.08124176145, "receiver_y": 4291383.4732796205, "gap_m": 3238.6909761936786, "outward_cosine": 0.9198011527850734}}, {"type": "Feature", "geometry": {"type": "LineString", "coordinates": [[408793.89608492947, 4265057.980762011], [408394.42544092, 4266126.839831618]]}, "properties": {"nw_index": 426, "normal_index": 1444, "tip_x": 408793.89608492947, "tip_y": 4265057.980762011, "receiver_x": 408394.42544092, "receiver_y": 4266126.839831618, "gap_m": 1141.0681426211875, "outward_cosine": 0.9985536253914167}}, {"type": "Feature", "geometry": {"type": "LineString", "coordinates": [[409910.939620984, 4261764.360154152], [409874.0147853864, 4261379.558264847]]}, "properties": {"nw_index": 427, "normal_index": 1445, "tip_x": 409910.939620984, "tip_y": 4261764.360154152, "receiver_x": 409874.0147853864, "receiver_y": 4261379.558264847, "gap_m": 386.5694471846059, "outward_cosine": 0.9579190388591499}}, {"type": "Feature", "geometry": {"type": "LineString", "coordinates": [[369050.9212025865, 4212347.251888087], [369787.1861383451, 4214382.942800344]]}, "properties": {"nw_index": 429, "normal_index": 1655, "tip_x": 369050.9212025865, "tip_y": 4212347.251888087, "receiver_x": 369787.1861383451, "receiver_y": 4214382.942800344, "gap_m": 2164.745607657664, "outward_cosine": 0.8182427971127435}}, {"type": "Feature", "geometry": {"type": "LineString", "coordinates": [[389627.71218162664, 4210078.411787736], [386621.9595150035, 4207859.359374643]]}, "properties": {"nw_index": 432, "normal_index": 1473, "tip_x": 389627.71218162664, "tip_y": 4210078.411787736, "receiver_x": 386621.9595150035, "receiver_y": 4207859.359374643, "gap_m": 3736.140081014865, "outward_cosine": 0.5127090840028595}}, {"type": "Feature", "geometry": {"type": "LineString", "coordinates": [[382468.6812301416, 4208955.340018472], [382203.69962719525, 4210229.217136867]]}, "properties": {"nw_index": 434, "normal_index": 1467, "tip_x": 382468.6812301416, "tip_y": 4208955.340018472, "receiver_x": 382203.69962719525, "receiver_y": 4210229.217136867, "gap_m": 1301.144942991365, "outward_cosine": 0.999458546010027}}, {"type": "Feature", "geometry": {"type": "LineString", "coordinates": [[385688.35857373034, 4207113.281763627], [386696.34931125585, 4207351.612518702]]}, "properties": {"nw_index": 437, "normal_index": 1473, "tip_x": 385688.35857373034, "tip_y": 4207113.281763627, "receiver_x": 386696.34931125585, "receiver_y": 4207351.612518702, "gap_m": 1035.7832185122588, "outward_cosine": 0.7288173770575846}}, {"type": "Feature", "geometry": {"type": "LineString", "coordinates": [[369394.3004078214, 4213215.590856497], [369787.1861383451, 4214382.942800344]]}, "properties": {"nw_index": 440, "normal_index": 1655, "tip_x": 369394.3004078214, "tip_y": 4213215.590856497, "receiver_x": 369787.1861383451, "receiver_y": 4214382.942800344, "gap_m": 1231.6938572762328, "outward_cosine": 0.7098269421771078}}, {"type": "Feature", "geometry": {"type": "LineString", "coordinates": [[394891.081004915, 4459271.15572387], [394101.1146270901, 4461918.579808779]]}, "properties": {"nw_index": 445, "normal_index": 1634, "tip_x": 394891.081004915, "tip_y": 4459271.15572387, "receiver_x": 394101.1146270901, "receiver_y": 4461918.579808779, "gap_m": 2762.770559321099, "outward_cosine": 0.8700738530790397}}, {"type": "Feature", "geometry": {"type": "LineString", "coordinates": [[353562.4151919744, 4327449.88310031], [354400.64147121104, 4322549.990571745]]}, "properties": {"nw_index": 455, "normal_index": 1489, "tip_x": 353562.4151919744, "tip_y": 4327449.88310031, "receiver_x": 354400.64147121104, "receiver_y": 4322549.990571745, "gap_m": 4971.073333465917, "outward_cosine": 0.6801557220428874}}, {"type": "Feature", "geometry": {"type": "LineString", "coordinates": [[404592.3776270798, 4325588.861846569], [404661.7226546048, 4325424.984240557]]}, "properties": {"nw_index": 461, "normal_index": 1502, "tip_x": 404592.3776270798, "tip_y": 4325588.861846569, "receiver_x": 404661.7226546048, "receiver_y": 4325424.984240557, "gap_m": 177.94550456431438, "outward_cosine": 0.9989320296201564}}, {"type": "Feature", "geometry": {"type": "LineString", "coordinates": [[372032.43188511836, 4335766.691212378], [372092.0266825551, 4335620.048676083]]}, "properties": {"nw_index": 469, "normal_index": 1532, "tip_x": 372032.43188511836, "tip_y": 4335766.691212378, "receiver_x": 372092.0266825551, "receiver_y": 4335620.048676083, "gap_m": 158.2895237617599, "outward_cosine": 0.999967896750074}}, {"type": "Feature", "geometry": {"type": "LineString", "coordinates": [[363006.8001929593, 4332347.015175214], [362958.2039477479, 4332510.50198282]]}, "properties": {"nw_index": 470, "normal_index": 1535, "tip_x": 363006.8001929593, "tip_y": 4332347.015175214, "receiver_x": 362958.2039477479, "receiver_y": 4332510.50198282, "gap_m": 170.55653405809696, "outward_cosine": 0.9954494949077795}}, {"type": "Feature", "geometry": {"type": "LineString", "coordinates": [[308951.48588832875, 4337958.332893138], [309283.2776386579, 4337306.8199317185]]}, "properties": {"nw_index": 472, "normal_index": 1546, "tip_x": 308951.48588832875, "tip_y": 4337958.332893138, "receiver_x": 309283.2776386579, "receiver_y": 4337306.8199317185, "gap_m": 731.1326175761953, "outward_cosine": 0.9964574610202512}}, {"type": "Feature", "geometry": {"type": "LineString", "coordinates": [[261659.4266569621, 4411681.450009466], [262209.76866849145, 4409678.065461101]]}, "properties": {"nw_index": 473, "normal_index": 1547, "tip_x": 261659.4266569621, "tip_y": 4411681.450009466, "receiver_x": 262209.76866849145, "receiver_y": 4409678.065461101, "gap_m": 2077.6010151812957, "outward_cosine": 0.8653001591346713}}, {"type": "Feature", "geometry": {"type": "LineString", "coordinates": [[261959.64957346086, 4410929.47650786], [262209.76866849145, 4409678.065461101]]}, "properties": {"nw_index": 475, "normal_index": 1547, "tip_x": 261959.64957346086, "tip_y": 4410929.47650786, "receiver_x": 262209.76866849145, "receiver_y": 4409678.065461101, "gap_m": 1276.161890063303, "outward_cosine": 0.7162508897277469}}, {"type": "Feature", "geometry": {"type": "LineString", "coordinates": [[261842.95708611817, 4409637.300571485], [262071.91356415732, 4409478.858344549]]}, "properties": {"nw_index": 476, "normal_index": 1547, "tip_x": 261842.95708611817, "tip_y": 4409637.300571485, "receiver_x": 262071.91356415732, "receiver_y": 4409478.858344549, "gap_m": 278.4331304147663, "outward_cosine": 0.9891696153856714}}, {"type": "Feature", "geometry": {"type": "LineString", "coordinates": [[343457.67726901325, 4464608.312730832], [343664.06585874094, 4464240.726974135]]}, "properties": {"nw_index": 477, "normal_index": 1025, "tip_x": 343457.67726901325, "tip_y": 4464608.312730832, "receiver_x": 343664.06585874094, "receiver_y": 4464240.726974135, "gap_m": 421.56320818605104, "outward_cosine": 0.9907574463308971}}, {"type": "Feature", "geometry": {"type": "LineString", "coordinates": [[270718.7160956502, 4414224.453641267], [266697.825724717, 4413105.032899594]]}, "properties": {"nw_index": 479, "normal_index": 928, "tip_x": 270718.7160956502, "tip_y": 4414224.453641267, "receiver_x": 266697.825724717, "receiver_y": 4413105.032899594, "gap_m": 4173.806676398705, "outward_cosine": 0.566576760615445}}, {"type": "Feature", "geometry": {"type": "LineString", "coordinates": [[271573.68298034556, 4413425.373114277], [272600.51101179596, 4409074.1950777685]]}, "properties": {"nw_index": 479, "normal_index": 926, "tip_x": 271573.68298034556, "tip_y": 4413425.373114277, "receiver_x": 272600.51101179596, "receiver_y": 4409074.1950777685, "gap_m": 4470.696378816528, "outward_cosine": 0.8645829691905086}}, {"type": "Feature", "geometry": {"type": "LineString", "coordinates": [[264617.3688909797, 4422703.325091856], [265063.75845687697, 4418180.873477849]]}, "properties": {"nw_index": 480, "normal_index": 924, "tip_x": 264617.3688909797, "tip_y": 4422703.325091856, "receiver_x": 265063.75845687697, "receiver_y": 4418180.873477849, "gap_m": 4544.428703981532, "outward_cosine": 0.7151400151693023}}, {"type": "Feature", "geometry": {"type": "LineString", "coordinates": [[264437.45868233265, 4422457.139560893], [265063.75845687697, 4418180.873477849]]}, "properties": {"nw_index": 481, "normal_index": 924, "tip_x": 264437.45868233265, "tip_y": 4422457.139560893, "receiver_x": 265063.75845687697, "receiver_y": 4418180.873477849, "gap_m": 4321.8865117662135, "outward_cosine": 0.7662292982388952}}, {"type": "Feature", "geometry": {"type": "LineString", "coordinates": [[263274.7433690744, 4421906.8700178545], [265063.75845687697, 4418180.873477849]]}, "properties": {"nw_index": 482, "normal_index": 924, "tip_x": 263274.7433690744, "tip_y": 4421906.8700178545, "receiver_x": 265063.75845687697, "receiver_y": 4418180.873477849, "gap_m": 4133.234230057227, "outward_cosine": 0.8985660717517393}}, {"type": "Feature", "geometry": {"type": "LineString", "coordinates": [[265556.387222994, 4421610.100301724], [265063.75845687697, 4418180.873477849]]}, "properties": {"nw_index": 484, "normal_index": 924, "tip_x": 265556.387222994, "tip_y": 4421610.100301724, "receiver_x": 265063.75845687697, "receiver_y": 4418180.873477849, "gap_m": 3464.430647420741, "outward_cosine": 0.6660862268317609}}, {"type": "Feature", "geometry": {"type": "LineString", "coordinates": [[268954.87464407296, 4417503.94342666], [265531.0160750233, 4417891.812807586]]}, "properties": {"nw_index": 489, "normal_index": 925, "tip_x": 268954.87464407296, "tip_y": 4417503.94342666, "receiver_x": 265531.0160750233, "receiver_y": 4417891.812807586, "gap_m": 3445.758284835821, "outward_cosine": 0.9782793447481554}}, {"type": "Feature", "geometry": {"type": "LineString", "coordinates": [[265853.95144771016, 4422093.877295073], [265063.75845687697, 4418180.873477849]]}, "properties": {"nw_index": 490, "normal_index": 924, "tip_x": 265853.95144771016, "tip_y": 4422093.877295073, "receiver_x": 265063.75845687697, "receiver_y": 4418180.873477849, "gap_m": 3991.9924644682214, "outward_cosine": 0.8023620661655845}}, {"type": "Feature", "geometry": {"type": "LineString", "coordinates": [[337241.0114899891, 4325498.52815181], [336983.6701503302, 4324520.789435824]]}, "properties": {"nw_index": 493, "normal_index": 1557, "tip_x": 337241.0114899891, "tip_y": 4325498.52815181, "receiver_x": 336983.6701503302, "receiver_y": 4324520.789435824, "gap_m": 1011.0378636999715, "outward_cosine": 0.8519281530069415}}, {"type": "Feature", "geometry": {"type": "LineString", "coordinates": [[341414.76886461413, 4310109.935404788], [341040.48401610006, 4310251.302308559]]}, "properties": {"nw_index": 494, "normal_index": 1575, "tip_x": 341414.76886461413, "tip_y": 4310109.935404788, "receiver_x": 341040.48401610006, "receiver_y": 4310251.302308559, "gap_m": 400.09217601595657, "outward_cosine": 0.8781236960972492}}, {"type": "Feature", "geometry": {"type": "LineString", "coordinates": [[341115.8892673006, 4310085.897484186], [340973.52960357035, 4310113.309304961]]}, "properties": {"nw_index": 495, "normal_index": 1566, "tip_x": 341115.8892673006, "tip_y": 4310085.897484186, "receiver_x": 340973.52960357035, "receiver_y": 4310113.309304961, "gap_m": 144.9747625470938, "outward_cosine": 0.7320898359821318}}, {"type": "Feature", "geometry": {"type": "LineString", "coordinates": [[344474.1089696195, 4301940.370248773], [344358.6566289329, 4302066.304214155]]}, "properties": {"nw_index": 496, "normal_index": 1560, "tip_x": 344474.1089696195, "tip_y": 4301940.370248773, "receiver_x": 344358.6566289329, "receiver_y": 4302066.304214155, "gap_m": 170.8467342587682, "outward_cosine": 0.9912082172189774}}, {"type": "Feature", "geometry": {"type": "LineString", "coordinates": [[345358.4324121751, 4301129.810316285], [345320.482711429, 4301019.157627903]]}, "properties": {"nw_index": 496, "normal_index": 1577, "tip_x": 345358.4324121751, "tip_y": 4301129.810316285, "receiver_x": 345320.482711429, "receiver_y": 4301019.157627903, "gap_m": 116.97947355380599, "outward_cosine": 0.1766581079591242}}, {"type": "Feature", "geometry": {"type": "LineString", "coordinates": [[347658.67065080616, 4293482.845631895], [347706.7457593159, 4293257.911374862]]}, "properties": {"nw_index": 497, "normal_index": 1578, "tip_x": 347658.67065080616, "tip_y": 4293482.845631895, "receiver_x": 347706.7457593159, "receiver_y": 4293257.911374862, "gap_m": 230.01442573221092, "outward_cosine": 0.9465742014790235}}, {"type": "Feature", "geometry": {"type": "LineString", "coordinates": [[336600.269724656, 4333047.77768161], [336640.3178526274, 4334020.71380872]]}, "properties": {"nw_index": 498, "normal_index": 1571, "tip_x": 336600.269724656, "tip_y": 4333047.77768161, "receiver_x": 336640.3178526274, "receiver_y": 4334020.71380872, "gap_m": 973.7600114969648, "outward_cosine": 0.8456293479220662}}, {"type": "Feature", "geometry": {"type": "LineString", "coordinates": [[337375.16024956346, 4331819.43817513], [337823.74138623243, 4331813.117076292]]}, "properties": {"nw_index": 498, "normal_index": 1561, "tip_x": 337375.16024956346, "tip_y": 4331819.43817513, "receiver_x": 337823.74138623243, "receiver_y": 4331813.117076292, "gap_m": 448.62567076099043, "outward_cosine": 0.5428758555287218}}, {"type": "Feature", "geometry": {"type": "LineString", "coordinates": [[338460.10971379635, 4322629.705086308], [337337.8507380248, 4323151.714966531]]}, "properties": {"nw_index": 502, "normal_index": 1559, "tip_x": 338460.10971379635, "tip_y": 4322629.705086308, "receiver_x": 337337.8507380248, "receiver_y": 4323151.714966531, "gap_m": 1237.7235247625204, "outward_cosine": 0.7970102371417839}}, {"type": "Feature", "geometry": {"type": "LineString", "coordinates": [[342009.27802227275, 4308999.79178711], [340973.52960357035, 4310113.309304961]]}, "properties": {"nw_index": 514, "normal_index": 1566, "tip_x": 342009.27802227275, "tip_y": 4308999.79178711, "receiver_x": 340973.52960357035, "receiver_y": 4310113.309304961, "gap_m": 1520.7550918556778, "outward_cosine": 0.9952851665805169}}, {"type": "Feature", "geometry": {"type": "LineString", "coordinates": [[329436.55296529445, 4326934.61849574], [326898.7325921769, 4327652.5704955645]]}, "properties": {"nw_index": 516, "normal_index": 1573, "tip_x": 329436.55296529445, "tip_y": 4326934.61849574, "receiver_x": 326898.7325921769, "receiver_y": 4327652.5704955645, "gap_m": 2637.4205808445904, "outward_cosine": 0.8412730419132386}}, {"type": "Feature", "geometry": {"type": "LineString", "coordinates": [[331195.1819461072, 4325462.430870491], [335015.314275157, 4327322.187362821]]}, "properties": {"nw_index": 516, "normal_index": 1555, "tip_x": 331195.1819461072, "tip_y": 4325462.430870491, "receiver_x": 335015.314275157, "receiver_y": 4327322.187362821, "gap_m": 4248.776908972067, "outward_cosine": 0.5002145307593979}}, {"type": "Feature", "geometry": {"type": "LineString", "coordinates": [[338126.7346884095, 4318429.848374585], [337241.01431517245, 4323005.0573655665]]}, "properties": {"nw_index": 528, "normal_index": 1559, "tip_x": 338126.7346884095, "tip_y": 4318429.848374585, "receiver_x": 337241.01431517245, "receiver_y": 4323005.0573655665, "gap_m": 4660.1542775672015, "outward_cosine": 0.991539208846589}}, {"type": "Feature", "geometry": {"type": "LineString", "coordinates": [[441530.0702801348, 4195031.800787774], [440169.2787299398, 4199027.123082259]]}, "properties": {"nw_index": 529, "normal_index": 614, "tip_x": 441530.0702801348, "tip_y": 4195031.800787774, "receiver_x": 440169.2787299398, "receiver_y": 4199027.123082259, "gap_m": 4220.705377053656, "outward_cosine": 0.5897927808507758}}, {"type": "Feature", "geometry": {"type": "LineString", "coordinates": [[455795.3771654948, 4190094.1184798786], [458370.07929548225, 4190491.6995965494]]}, "properties": {"nw_index": 530, "normal_index": 740, "tip_x": 455795.3771654948, "tip_y": 4190094.1184798786, "receiver_x": 458370.07929548225, "receiver_y": 4190491.6995965494, "gap_m": 2605.2181871189214, "outward_cosine": 0.985234732521523}}, {"type": "Feature", "geometry": {"type": "LineString", "coordinates": [[395424.0900569571, 4327621.067004679], [395976.7624506162, 4327143.288121361]]}, "properties": {"nw_index": 532, "normal_index": 1833, "tip_x": 395424.0900569571, "tip_y": 4327621.067004679, "receiver_x": 395976.7624506162, "receiver_y": 4327143.288121361, "gap_m": 730.561041978708, "outward_cosine": 0.977032576621842}}, {"type": "Feature", "geometry": {"type": "LineString", "coordinates": [[394321.0305965162, 4329024.6541106], [393756.21797712956, 4329272.674832302]]}, "properties": {"nw_index": 532, "normal_index": 1603, "tip_x": 394321.0305965162, "tip_y": 4329024.6541106, "receiver_x": 393756.21797712956, "receiver_y": 4329272.674832302, "gap_m": 616.8691704177967, "outward_cosine": 0.8924817003515747}}, {"type": "Feature", "geometry": {"type": "LineString", "coordinates": [[395390.5350619101, 4483261.385408422], [395534.51299701404, 4483151.372049769]]}, "properties": {"nw_index": 533, "normal_index": 1616, "tip_x": 395390.5350619101, "tip_y": 4483261.385408422, "receiver_x": 395534.51299701404, "receiver_y": 4483151.372049769, "gap_m": 181.19764037872, "outward_cosine": 0.816127592226135}}, {"type": "Feature", "geometry": {"type": "LineString", "coordinates": [[393986.7578454851, 4471425.122525431], [394072.7271283781, 4471273.535466975]]}, "properties": {"nw_index": 534, "normal_index": 1624, "tip_x": 393986.7578454851, "tip_y": 4471425.122525431, "receiver_x": 394072.7271283781, "receiver_y": 4471273.535466975, "gap_m": 174.2680518415968, "outward_cosine": 0.9977709403664607}}, {"type": "Feature", "geometry": {"type": "LineString", "coordinates": [[393954.5225361426, 4468909.874020765], [393916.2668794819, 4469044.257373672]]}, "properties": {"nw_index": 535, "normal_index": 1624, "tip_x": 393954.5225361426, "tip_y": 4468909.874020765, "receiver_x": 393916.2668794819, "receiver_y": 4469044.257373672, "gap_m": 139.72251359451707, "outward_cosine": 0.9581320202486202}}, {"type": "Feature", "geometry": {"type": "LineString", "coordinates": [[394292.5519741273, 4467974.625499237], [394340.2306792589, 4467814.762331627]]}, "properties": {"nw_index": 535, "normal_index": 1625, "tip_x": 394292.5519741273, "tip_y": 4467974.625499237, "receiver_x": 394340.2306792589, "receiver_y": 4467814.762331627, "gap_m": 166.82173503873236, "outward_cosine": 0.9850457807180318}}, {"type": "Feature", "geometry": {"type": "LineString", "coordinates": [[394750.8650618805, 4464649.585372943], [394732.6820607903, 4464787.443958519]]}, "properties": {"nw_index": 536, "normal_index": 1626, "tip_x": 394750.8650618805, "tip_y": 4464649.585372943, "receiver_x": 394732.6820607903, "receiver_y": 4464787.443958519, "gap_m": 139.05254814475586, "outward_cosine": 0.35325541311053926}}, {"type": "Feature", "geometry": {"type": "LineString", "coordinates": [[382479.94975729624, 4447026.457770052], [382121.1037327564, 4447934.547972128]]}, "properties": {"nw_index": 537, "normal_index": 1630, "tip_x": 382479.94975729624, "tip_y": 4447026.457770052, "receiver_x": 382121.1037327564, "receiver_y": 4447934.547972128, "gap_m": 976.4211614019052, "outward_cosine": 0.999393145609343}}, {"type": "Feature", "geometry": {"type": "LineString", "coordinates": [[383256.93258200696, 4444985.776620588], [382121.1037327564, 4447934.547972128]]}, "properties": {"nw_index": 538, "normal_index": 1630, "tip_x": 383256.93258200696, "tip_y": 4444985.776620588, "receiver_x": 382121.1037327564, "receiver_y": 4447934.547972128, "gap_m": 3159.961971044926, "outward_cosine": 0.9839392885711792}}, {"type": "Feature", "geometry": {"type": "LineString", "coordinates": [[378472.60353312903, 4331565.2618903965], [379192.98718946805, 4330579.337974603]]}, "properties": {"nw_index": 540, "normal_index": 1645, "tip_x": 378472.60353312903, "tip_y": 4331565.2618903965, "receiver_x": 379192.98718946805, "receiver_y": 4330579.337974603, "gap_m": 1221.0645273913046, "outward_cosine": 0.975127802326678}}, {"type": "Feature", "geometry": {"type": "LineString", "coordinates": [[379236.32415172923, 4330951.343064264], [379192.98718946805, 4330579.337974603]]}, "properties": {"nw_index": 542, "normal_index": 1645, "tip_x": 379236.32415172923, "tip_y": 4330951.343064264, "receiver_x": 379192.98718946805, "receiver_y": 4330579.337974603, "gap_m": 374.5208659498089, "outward_cosine": 0.6833399445866716}}, {"type": "Feature", "geometry": {"type": "LineString", "coordinates": [[377525.0832118172, 4329224.286721353], [377727.2223389343, 4329918.138426355]]}, "properties": {"nw_index": 543, "normal_index": 1644, "tip_x": 377525.0832118172, "tip_y": 4329224.286721353, "receiver_x": 377727.2223389343, "receiver_y": 4329918.138426355, "gap_m": 722.69662739312, "outward_cosine": 0.7989277139530009}}, {"type": "Feature", "geometry": {"type": "LineString", "coordinates": [[254676.63933542956, 4420275.180637803], [253971.59817474085, 4420465.738535387]]}, "properties": {"nw_index": 548, "normal_index": 1654, "tip_x": 254676.63933542956, "tip_y": 4420275.180637803, "receiver_x": 253971.59817474085, "receiver_y": 4420465.738535387, "gap_m": 730.3392024238518, "outward_cosine": 0.9057754295415168}}, {"type": "Feature", "geometry": {"type": "LineString", "coordinates": [[254009.36506512383, 4419651.438828746], [253971.59817474085, 4420465.738535387]]}, "properties": {"nw_index": 549, "normal_index": 1654, "tip_x": 254009.36506512383, "tip_y": 4419651.438828746, "receiver_x": 253971.59817474085, "receiver_y": 4420465.738535387, "gap_m": 815.1750427029586, "outward_cosine": 0.8144801836370394}}, {"type": "Feature", "geometry": {"type": "LineString", "coordinates": [[254367.9440594194, 4419611.061848315], [253971.59817474085, 4420465.738535387]]}, "properties": {"nw_index": 550, "normal_index": 1654, "tip_x": 254367.9440594194, "tip_y": 4419611.061848315, "receiver_x": 253971.59817474085, "receiver_y": 4420465.738535387, "gap_m": 942.1052487519821, "outward_cosine": 0.9468701818739306}}, {"type": "Feature", "geometry": {"type": "LineString", "coordinates": [[255100.38800362134, 4418744.825181107], [255903.09476533663, 4416963.722805762]]}, "properties": {"nw_index": 550, "normal_index": 399, "tip_x": 255100.38800362134, "tip_y": 4418744.825181107, "receiver_x": 255903.09476533663, "receiver_y": 4416963.722805762, "gap_m": 1953.6283722254186, "outward_cosine": 0.9706351949706201}}, {"type": "Feature", "geometry": {"type": "LineString", "coordinates": [[255979.66296074787, 4417029.927189638], [255903.09476533663, 4416963.722805762]]}, "properties": {"nw_index": 553, "normal_index": 399, "tip_x": 255979.66296074787, "tip_y": 4417029.927189638, "receiver_x": 255903.09476533663, "receiver_y": 4416963.722805762, "gap_m": 101.22108966493725, "outward_cosine": -0.09425486770451574}}, {"type": "Feature", "geometry": {"type": "LineString", "coordinates": [[256661.66224880883, 4416903.90516406], [255948.43226149303, 4416751.521364728]]}, "properties": {"nw_index": 554, "normal_index": 399, "tip_x": 256661.66224880883, "tip_y": 4416903.90516406, "receiver_x": 255948.43226149303, "receiver_y": 4416751.521364728, "gap_m": 729.3269754406572, "outward_cosine": 0.6386131678148486}}, {"type": "Feature", "geometry": {"type": "LineString", "coordinates": [[260169.191640942, 4418252.876779551], [255903.09476533663, 4416963.722805762]]}, "properties": {"nw_index": 558, "normal_index": 399, "tip_x": 260169.191640942, "tip_y": 4418252.876779551, "receiver_x": 255903.09476533663, "receiver_y": 4416963.722805762, "gap_m": 4456.624341380571, "outward_cosine": 0.5946231078737344}}, {"type": "Feature", "geometry": {"type": "LineString", "coordinates": [[394958.21033025184, 4183351.8907507313], [395044.2828577914, 4183382.039399514]]}, "properties": {"nw_index": 560, "normal_index": 1703, "tip_x": 394958.21033025184, "tip_y": 4183351.8907507313, "receiver_x": 395044.2828577914, "receiver_y": 4183382.039399514, "gap_m": 91.19989594548947, "outward_cosine": 0.3575809291576491}}, {"type": "Feature", "geometry": {"type": "LineString", "coordinates": [[396538.0156339347, 4181061.0768511933], [396424.21682871896, 4181342.8203282184]]}, "properties": {"nw_index": 563, "normal_index": 1705, "tip_x": 396538.0156339347, "tip_y": 4181061.0768511933, "receiver_x": 396424.21682871896, "receiver_y": 4181342.8203282184, "gap_m": 303.8577873195072, "outward_cosine": 0.9649767588282074}}, {"type": "Feature", "geometry": {"type": "LineString", "coordinates": [[397034.48353005084, 4179711.9980158256], [397452.61308983207, 4178419.749124016]]}, "properties": {"nw_index": 564, "normal_index": 1708, "tip_x": 397034.48353005084, "tip_y": 4179711.9980158256, "receiver_x": 397452.61308983207, "receiver_y": 4178419.749124016, "gap_m": 1358.2118859536229, "outward_cosine": 0.9783834387379723}}, {"type": "Feature", "geometry": {"type": "LineString", "coordinates": [[396633.5413293501, 4180410.252409975], [396424.21682871896, 4181342.8203282184]]}, "properties": {"nw_index": 564, "normal_index": 1705, "tip_x": 396633.5413293501, "tip_y": 4180410.252409975, "receiver_x": 396424.21682871896, "receiver_y": 4181342.8203282184, "gap_m": 955.7717660096542, "outward_cosine": 0.9552072520743786}}, {"type": "Feature", "geometry": {"type": "LineString", "coordinates": [[403301.6563196981, 4169187.129997909], [403311.4077094805, 4169188.4705482884]]}, "properties": {"nw_index": 570, "normal_index": 1714, "tip_x": 403301.6563196981, "tip_y": 4169187.129997909, "receiver_x": 403311.4077094805, "receiver_y": 4169188.4705482884, "gap_m": 9.843103068042105, "outward_cosine": 0.23893816512127106}}, {"type": "Feature", "geometry": {"type": "LineString", "coordinates": [[403081.31686597527, 4169875.255240036], [402982.8234022498, 4169876.212591047]]}, "properties": {"nw_index": 570, "normal_index": 1713, "tip_x": 403081.31686597527, "tip_y": 4169875.255240036, "receiver_x": 402982.8234022498, "receiver_y": 4169876.212591047, "gap_m": 98.49811631499654, "outward_cosine": 0.2662619311242224}}, {"type": "Feature", "geometry": {"type": "LineString", "coordinates": [[402342.2209470018, 4171386.32208637], [402551.81694218086, 4170438.747880326]]}, "properties": {"nw_index": 571, "normal_index": 1711, "tip_x": 402342.2209470018, "tip_y": 4171386.32208637, "receiver_x": 402551.81694218086, "receiver_y": 4170438.747880326, "gap_m": 970.4779014253442, "outward_cosine": 0.9575318578467358}}, {"type": "Feature", "geometry": {"type": "LineString", "coordinates": [[403119.59063912695, 4170447.72477334], [403219.9955155067, 4170284.316981356]]}, "properties": {"nw_index": 572, "normal_index": 1714, "tip_x": 403119.59063912695, "tip_y": 4170447.72477334, "receiver_x": 403219.9955155067, "receiver_y": 4170284.316981356, "gap_m": 191.7895870005896, "outward_cosine": 0.9568525881835432}}, {"type": "Feature", "geometry": {"type": "LineString", "coordinates": [[403721.1852745051, 4168706.8623221805], [403529.5387132953, 4168734.3937206566]]}, "properties": {"nw_index": 573, "normal_index": 1712, "tip_x": 403721.1852745051, "tip_y": 4168706.8623221805, "receiver_x": 403529.5387132953, "receiver_y": 4168734.3937206566, "gap_m": 193.61400343362482, "outward_cosine": 0.5785110493626281}}, {"type": "Feature", "geometry": {"type": "LineString", "coordinates": [[409659.43306530215, 4159818.123919765], [413475.2884999364, 4159583.704158461]]}, "properties": {"nw_index": 576, "normal_index": 1695, "tip_x": 409659.43306530215, "tip_y": 4159818.123919765, "receiver_x": 413475.2884999364, "receiver_y": 4159583.704158461, "gap_m": 3823.04921790415, "outward_cosine": 0.8356820931181197}}, {"type": "Feature", "geometry": {"type": "LineString", "coordinates": [[416080.35665644193, 4151241.4247926506], [415588.2650579977, 4149664.365927301]]}, "properties": {"nw_index": 579, "normal_index": 1717, "tip_x": 416080.35665644193, "tip_y": 4151241.4247926506, "receiver_x": 415588.2650579977, "receiver_y": 4149664.365927301, "gap_m": 1652.0498800089504, "outward_cosine": 0.6601151609958669}}, {"type": "Feature", "geometry": {"type": "LineString", "coordinates": [[419458.55255288276, 4147595.3537757606], [415764.4141765969, 4148966.870182493]]}, "properties": {"nw_index": 581, "normal_index": 1717, "tip_x": 419458.55255288276, "tip_y": 4147595.3537757606, "receiver_x": 415764.4141765969, "receiver_y": 4148966.870182493, "gap_m": 3940.522249281595, "outward_cosine": 0.7557234291354192}}, {"type": "Feature", "geometry": {"type": "LineString", "coordinates": [[423381.7243405877, 4142793.1344701876], [427014.9106314359, 4142719.1455191164]]}, "properties": {"nw_index": 584, "normal_index": 1743, "tip_x": 423381.7243405877, "tip_y": 4142793.1344701876, "receiver_x": 427014.9106314359, "receiver_y": 4142719.1455191164, "gap_m": 3633.939596207982, "outward_cosine": 0.6167987328023439}}, {"type": "Feature", "geometry": {"type": "LineString", "coordinates": [[418967.9632768793, 4146335.543347897], [415764.4141765969, 4148966.870182493]]}, "properties": {"nw_index": 590, "normal_index": 1717, "tip_x": 418967.9632768793, "tip_y": 4146335.543347897, "receiver_x": 415764.4141765969, "receiver_y": 4148966.870182493, "gap_m": 4145.673376953825, "outward_cosine": 0.9432675940021595}}, {"type": "Feature", "geometry": {"type": "LineString", "coordinates": [[390716.1594683536, 4412647.308975372], [391144.3039474491, 4412532.869585816]]}, "properties": {"nw_index": 604, "normal_index": 294, "tip_x": 390716.1594683536, "tip_y": 4412647.308975372, "receiver_x": 391144.3039474491, "receiver_y": 4412532.869585816, "gap_m": 443.17498672875183, "outward_cosine": 0.6040360893233372}}, {"type": "Feature", "geometry": {"type": "LineString", "coordinates": [[383887.801067922, 4350968.797308924], [383843.4234806589, 4351303.15405171]]}, "properties": {"nw_index": 606, "normal_index": 1782, "tip_x": 383887.801067922, "tip_y": 4350968.797308924, "receiver_x": 383843.4234806589, "receiver_y": 4351303.15405171, "gap_m": 337.2888994584867, "outward_cosine": 0.7107377345894597}}, {"type": "Feature", "geometry": {"type": "LineString", "coordinates": [[385777.1384135209, 4348953.259649746], [385813.7922249809, 4348804.964447643]]}, "properties": {"nw_index": 608, "normal_index": 1786, "tip_x": 385777.1384135209, "tip_y": 4348953.259649746, "receiver_x": 385813.7922249809, "receiver_y": 4348804.964447643, "gap_m": 152.75787659380194, "outward_cosine": 0.9615083490974003}}, {"type": "Feature", "geometry": {"type": "LineString", "coordinates": [[386015.011573776, 4348746.585281884], [385821.8227172865, 4348726.7500407025]]}, "properties": {"nw_index": 609, "normal_index": 1786, "tip_x": 386015.011573776, "tip_y": 4348746.585281884, "receiver_x": 385821.8227172865, "receiver_y": 4348726.7500407025, "gap_m": 194.20445686049214, "outward_cosine": 0.409296699373616}}, {"type": "Feature", "geometry": {"type": "LineString", "coordinates": [[385817.0655492062, 4343305.209888621], [385752.76364114694, 4342869.531143162]]}, "properties": {"nw_index": 610, "normal_index": 981, "tip_x": 385817.0655492062, "tip_y": 4343305.209888621, "receiver_x": 385752.76364114694, "receiver_y": 4342869.531143162, "gap_m": 440.39834766339357, "outward_cosine": 0.7822670697015851}}, {"type": "Feature", "geometry": {"type": "LineString", "coordinates": [[385156.521286008, 4345017.132810417], [385614.683783929, 4345723.068077551]]}, "properties": {"nw_index": 610, "normal_index": 1788, "tip_x": 385156.521286008, "tip_y": 4345017.132810417, "receiver_x": 385614.683783929, "receiver_y": 4345723.068077551, "gap_m": 841.5803442842176, "outward_cosine": 0.85060224657288}}, {"type": "Feature", "geometry": {"type": "LineString", "coordinates": [[384934.6358290386, 4336545.087367987], [384962.90193710476, 4336361.2703370415]]}, "properties": {"nw_index": 611, "normal_index": 996, "tip_x": 384934.6358290386, "tip_y": 4336545.087367987, "receiver_x": 384962.90193710476, "receiver_y": 4336361.2703370415, "gap_m": 185.97761620940557, "outward_cosine": 0.9266583599775114}}, {"type": "Feature", "geometry": {"type": "LineString", "coordinates": [[384492.21948203386, 4337525.46308199], [384484.32649299013, 4337706.392606824]]}, "properties": {"nw_index": 611, "normal_index": 1790, "tip_x": 384492.21948203386, "tip_y": 4337525.46308199, "receiver_x": 384484.32649299013, "receiver_y": 4337706.392606824, "gap_m": 181.10160748171543, "outward_cosine": 0.9689039061505513}}, {"type": "Feature", "geometry": {"type": "LineString", "coordinates": [[412853.3007190049, 4414437.143160222], [413005.15950628824, 4414248.680359851]]}, "properties": {"nw_index": 612, "normal_index": 1804, "tip_x": 412853.3007190049, "tip_y": 4414437.143160222, "receiver_x": 413005.15950628824, "receiver_y": 4414248.680359851, "gap_m": 242.0316475154141, "outward_cosine": 0.9960975033597096}}, {"type": "Feature", "geometry": {"type": "LineString", "coordinates": [[401973.49889003986, 4348020.12258047], [402067.00678338774, 4348043.870101964]]}, "properties": {"nw_index": 613, "normal_index": 1835, "tip_x": 401973.49889003986, "tip_y": 4348020.12258047, "receiver_x": 402067.00678338774, "receiver_y": 4348043.870101964, "gap_m": 96.47627115250123, "outward_cosine": 0.6365849189955327}}, {"type": "Feature", "geometry": {"type": "LineString", "coordinates": [[407431.52250890486, 4357290.567698976], [408107.58810771967, 4356866.759333007]]}, "properties": {"nw_index": 614, "normal_index": 1847, "tip_x": 407431.52250890486, "tip_y": 4357290.567698976, "receiver_x": 408107.58810771967, "receiver_y": 4356866.759333007, "gap_m": 797.9211896961541, "outward_cosine": 0.9292484040257775}}, {"type": "Feature", "geometry": {"type": "LineString", "coordinates": [[406650.078530538, 4353742.369882067], [406878.97871194925, 4354902.367865053]]}, "properties": {"nw_index": 615, "normal_index": 1852, "tip_x": 406650.078530538, "tip_y": 4353742.369882067, "receiver_x": 406878.97871194925, "receiver_y": 4354902.367865053, "gap_m": 1182.3665309802698, "outward_cosine": 0.8359567482780164}}]}
